[{"balls":2,"batPosition":"4","captained":false,"date":"1 Dec 2006","didNotBat":false,"dismissalBowlerHand":"right","dismissalType":"bowled","dismissedAgainst":"pace","firstBat":false,"fours":0,"ground":"Johannesburg","match":1,"matchID":10,"minutes":"8","notOut":false,"opposition":"South Africa","runs":0,"sixes":0,"strikeRate":0,"won":true},{"balls":0,"batPosition":"-","captained":true,"date":"13 Sep 2007","didNotBat":true,"dismissalBowlerHand":null,"dismissalType":"-","dismissedAgainst":null,"firstBat":false,"fours":0,"ground":"Durban","match":2,"matchID":26,"minutes":0,"notOut":true,"opposition":"Scotland","runs":0,"sixes":0,"strikeRate":0,"won":false},{"balls":31,"batPosition":"6","captained":true,"date":"14 Sep 2007","didNotBat":false,"dismissalBowlerHand":"right","dismissalType":"caught","dismissedAgainst":"pace","firstBat":true,"fours":3,"ground":"Durban","match":3,"matchID":29,"minutes":"46","notOut":false,"opposition":"Pakistan","runs":33,"sixes":1,"strikeRate":106,"won":false},{"balls":20,"batPosition":"4","captained":true,"date":"16 Sep 2007","didNotBat":false,"dismissalBowlerHand":null,"dismissalType":"run out","dismissedAgainst":null,"firstBat":false,"fours":2,"ground":"Johannesburg","match":4,"matchID":32,"minutes":"31","notOut":false,"opposition":"New Zealand","runs":24,"sixes":0,"strikeRate":120,"won":false},{"balls":8,"batPosition":"4","captained":true,"date":"19 Sep 2007","didNotBat":false,"dismissalBowlerHand":null,"dismissalType":"not out","dismissedAgainst":null,"firstBat":true,"fours":0,"ground":"Durban","match":5,"matchID":40,"minutes":"22","notOut":true,"opposition":"England","runs":10,"sixes":0,"strikeRate":125,"won":true},{"balls":33,"batPosition":"6","captained":true,"date":"20 Sep 2007","didNotBat":false,"dismissalBowlerHand":null,"dismissalType":"run out","dismissedAgainst":null,"firstBat":true,"fours":4,"ground":"Durban","match":6,"matchID":43,"minutes":"39","notOut":false,"opposition":"South Africa","runs":45,"sixes":1,"strikeRate":136,"won":true},{"balls":18,"batPosition":"5","captained":true,"date":"22 Sep 2007","didNotBat":false,"dismissalBowlerHand":null,"dismissalType":"run out","dismissedAgainst":null,"firstBat":true,"fours":4,"ground":"Durban","match":7,"matchID":45,"minutes":"21","notOut":false,"opposition":"Australia","runs":36,"sixes":1,"strikeRate":200,"won":true},{"balls":10,"batPosition":"5","captained":true,"date":"24 Sep 2007","didNotBat":false,"dismissalBowlerHand":"right","dismissalType":"bowled","dismissedAgainst":"pace","firstBat":true,"fours":0,"ground":"Johannesburg","match":8,"matchID":46,"minutes":"9","notOut":false,"opposition":"Pakistan","runs":6,"sixes":0,"strikeRate":60,"won":true},{"balls":5,"batPosition":"5","captained":true,"date":"20 Oct 2007","didNotBat":false,"dismissalBowlerHand":null,"dismissalType":"not out","dismissedAgainst":null,"firstBat":false,"fours":0,"ground":"Mumbai (BS)","match":9,"matchID":47,"minutes":"11","notOut":true,"opposition":"Australia","runs":9,"sixes":1,"strikeRate":180,"won":true},{"balls":27,"batPosition":"6","captained":true,"date":"1 Feb 2008","didNotBat":false,"dismissalBowlerHand":"right","dismissalType":"caught","dismissedAgainst":"spin","firstBat":true,"fours":0,"ground":"Melbourne","match":10,"matchID":52,"minutes":"30","notOut":false,"opposition":"Australia","runs":9,"sixes":0,"strikeRate":33,"won":false},{"balls":17,"batPosition":"5","captained":true,"date":"10 Feb 2009","didNotBat":false,"dismissalBowlerHand":"right","dismissalType":"bowled","dismissedAgainst":"spin","firstBat":false,"fours":1,"ground":"Colombo (RPS)","match":11,"matchID":82,"minutes":"17","notOut":false,"opposition":"Sri Lanka","runs":13,"sixes":0,"strikeRate":76,"won":true},{"balls":6,"batPosition":"6","captained":true,"date":"25 Feb 2009","didNotBat":false,"dismissalBowlerHand":"right","dismissalType":"bowled","dismissedAgainst":"pace","firstBat":true,"fours":0,"ground":"Christchurch","match":12,"matchID":84,"minutes":"5","notOut":false,"opposition":"New Zealand","runs":2,"sixes":0,"strikeRate":33,"won":false},{"balls":30,"batPosition":"5","captained":true,"date":"27 Feb 2009","didNotBat":false,"dismissalBowlerHand":null,"dismissalType":"not out","dismissedAgainst":null,"firstBat":true,"fours":2,"ground":"Wellington","match":13,"matchID":85,"minutes":"57","notOut":true,"opposition":"New Zealand","runs":28,"sixes":0,"strikeRate":93,"won":false},{"balls":21,"batPosition":"3","captained":true,"date":"6 Jun 2009","didNotBat":false,"dismissalBowlerHand":"right","dismissalType":"bowled","dismissedAgainst":"spin","firstBat":true,"fours":0,"ground":"Nottingham","match":14,"matchID":93,"minutes":"26","notOut":false,"opposition":"Bangladesh","runs":26,"sixes":1,"strikeRate":123,"won":true},{"balls":13,"batPosition":"3","captained":true,"date":"10 Jun 2009","didNotBat":false,"dismissalBowlerHand":"right","dismissalType":"caught","dismissedAgainst":"spin","firstBat":false,"fours":1,"ground":"Nottingham","match":15,"matchID":101,"minutes":"9","notOut":false,"opposition":"Ireland","runs":14,"sixes":0,"strikeRate":107,"won":true},{"balls":23,"batPosition":"5","captained":true,"date":"12 Jun 2009","didNotBat":false,"dismissalBowlerHand":"right","dismissalType":"caught","dismissedAgainst":"pace","firstBat":true,"fours":0,"ground":"Lord's","match":16,"matchID":105,"minutes":"24","notOut":false,"opposition":"West Indies","runs":11,"sixes":0,"strikeRate":47,"won":false},{"balls":20,"batPosition":"6","captained":true,"date":"14 Jun 2009","didNotBat":false,"dismissalBowlerHand":null,"dismissalType":"not out","dismissedAgainst":null,"firstBat":false,"fours":3,"ground":"Lord's","match":17,"matchID":109,"minutes":"33","notOut":true,"opposition":"England","runs":30,"sixes":0,"strikeRate":150,"won":false},{"balls":12,"batPosition":"5","captained":true,"date":"16 Jun 2009","didNotBat":false,"dismissalBowlerHand":null,"dismissalType":"run out","dismissedAgainst":null,"firstBat":false,"fours":0,"ground":"Nottingham","match":18,"matchID":113,"minutes":"11","notOut":false,"opposition":"South Africa","runs":5,"sixes":0,"strikeRate":41,"won":false},{"balls":12,"batPosition":"3","captained":true,"date":"9 Dec 2009","didNotBat":false,"dismissalBowlerHand":"left","dismissalType":"caught","dismissedAgainst":"spin","firstBat":false,"fours":0,"ground":"Nagpur","match":19,"matchID":126,"minutes":0,"notOut":false,"opposition":"Sri Lanka","runs":9,"sixes":0,"strikeRate":75,"won":false},{"balls":28,"batPosition":"3","captained":true,"date":"12 Dec 2009","didNotBat":false,"dismissalBowlerHand":"right","dismissalType":"bowled","dismissedAgainst":"pace","firstBat":false,"fours":3,"ground":"Mohali","match":20,"matchID":127,"minutes":"55","notOut":false,"opposition":"Sri Lanka","runs":46,"sixes":2,"strikeRate":164,"won":true},{"balls":6,"batPosition":"5","captained":true,"date":"1 May 2010","didNotBat":false,"dismissalBowlerHand":null,"dismissalType":"not out","dismissedAgainst":null,"firstBat":false,"fours":0,"ground":"Gros Islet","match":21,"matchID":153,"minutes":"2","notOut":true,"opposition":"Afghanistan","runs":15,"sixes":2,"strikeRate":250,"won":true},{"balls":6,"batPosition":"6","captained":true,"date":"2 May 2010","didNotBat":false,"dismissalBowlerHand":null,"dismissalType":"not out","dismissedAgainst":null,"firstBat":true,"fours":1,"ground":"Gros Islet","match":22,"matchID":155,"minutes":"6","notOut":true,"opposition":"South Africa","runs":16,"sixes":1,"strikeRate":266,"won":true},{"balls":8,"batPosition":"6","captained":true,"date":"7 May 2010","didNotBat":false,"dismissalBowlerHand":"right","dismissalType":"caught","dismissedAgainst":"spin","firstBat":false,"fours":0,"ground":"Bridgetown","match":23,"matchID":165,"minutes":"10","notOut":false,"opposition":"Australia","runs":2,"sixes":0,"strikeRate":25,"won":false},{"balls":18,"batPosition":"6","captained":true,"date":"9 May 2010","didNotBat":false,"dismissalBowlerHand":null,"dismissalType":"run out","dismissedAgainst":null,"firstBat":false,"fours":2,"ground":"Bridgetown","match":24,"matchID":169,"minutes":"30","notOut":false,"opposition":"West Indies","runs":29,"sixes":2,"strikeRate":161,"won":false},{"balls":19,"batPosition":"4","captained":true,"date":"11 May 2010","didNotBat":false,"dismissalBowlerHand":null,"dismissalType":"not out","dismissedAgainst":null,"firstBat":true,"fours":0,"ground":"Gros Islet","match":25,"matchID":173,"minutes":"43","notOut":true,"opposition":"Sri Lanka","runs":23,"sixes":1,"strikeRate":121,"won":false},{"balls":11,"batPosition":"7","captained":true,"date":"9 Jan 2011","didNotBat":false,"dismissalBowlerHand":null,"dismissalType":"not out","dismissedAgainst":null,"firstBat":true,"fours":0,"ground":"Durban","match":26,"matchID":196,"minutes":"19","notOut":true,"opposition":"South Africa","runs":10,"sixes":0,"strikeRate":90,"won":true},{"balls":8,"batPosition":"7","captained":true,"date":"31 Aug 2011","didNotBat":false,"dismissalBowlerHand":"right","dismissalType":"caught","dismissedAgainst":"pace","firstBat":true,"fours":1,"ground":"Manchester","match":27,"matchID":204,"minutes":"15","notOut":false,"opposition":"England","runs":8,"sixes":0,"strikeRate":100,"won":false},{"balls":26,"batPosition":"6","captained":true,"date":"29 Oct 2011","didNotBat":false,"dismissalBowlerHand":null,"dismissalType":"run out","dismissedAgainst":null,"firstBat":true,"fours":0,"ground":"Kolkata","match":28,"matchID":214,"minutes":"44","notOut":false,"opposition":"England","runs":21,"sixes":1,"strikeRate":80,"won":false},{"balls":43,"batPosition":"6","captained":true,"date":"1 Feb 2012","didNotBat":false,"dismissalBowlerHand":null,"dismissalType":"not out","dismissedAgainst":null,"firstBat":false,"fours":1,"ground":"Sydney","match":29,"matchID":217,"minutes":"55","notOut":true,"opposition":"Australia","runs":48,"sixes":3,"strikeRate":111,"won":false},{"balls":18,"batPosition":"4","captained":true,"date":"3 Feb 2012","didNotBat":false,"dismissalBowlerHand":null,"dismissalType":"not out","dismissedAgainst":null,"firstBat":false,"fours":2,"ground":"Melbourne","match":30,"matchID":218,"minutes":"26","notOut":true,"opposition":"Australia","runs":21,"sixes":0,"strikeRate":116,"won":true},{"balls":0,"batPosition":"-","captained":true,"date":"30 Mar 2012","didNotBat":true,"dismissalBowlerHand":null,"dismissalType":"-","dismissedAgainst":null,"firstBat":false,"fours":0,"ground":"Johannesburg","match":31,"matchID":242,"minutes":0,"notOut":true,"opposition":"South Africa","runs":0,"sixes":0,"strikeRate":0,"won":false},{"balls":14,"batPosition":"5","captained":true,"date":"7 Aug 2012","didNotBat":false,"dismissalBowlerHand":null,"dismissalType":"not out","dismissedAgainst":null,"firstBat":true,"fours":2,"ground":"Pallekele","match":32,"matchID":255,"minutes":"13","notOut":true,"opposition":"Sri Lanka","runs":16,"sixes":0,"strikeRate":114,"won":true},{"balls":23,"batPosition":"5","captained":true,"date":"11 Sep 2012","didNotBat":false,"dismissalBowlerHand":null,"dismissalType":"not out","dismissedAgainst":null,"firstBat":false,"fours":2,"ground":"Chennai","match":33,"matchID":261,"minutes":"31","notOut":true,"opposition":"New Zealand","runs":22,"sixes":0,"strikeRate":95,"won":false},{"balls":9,"batPosition":"6","captained":true,"date":"19 Sep 2012","didNotBat":false,"dismissalBowlerHand":null,"dismissalType":"not out","dismissedAgainst":null,"firstBat":true,"fours":2,"ground":"Colombo (RPS)","match":34,"matchID":265,"minutes":"21","notOut":true,"opposition":"Afghanistan","runs":18,"sixes":1,"strikeRate":200,"won":true},{"balls":8,"batPosition":"5","captained":true,"date":"23 Sep 2012","didNotBat":false,"dismissalBowlerHand":"right","dismissalType":"caught","dismissedAgainst":"pace","firstBat":true,"fours":1,"ground":"Colombo (RPS)","match":35,"matchID":272,"minutes":"23","notOut":false,"opposition":"England","runs":9,"sixes":0,"strikeRate":112,"won":true},{"balls":21,"batPosition":"7","captained":true,"date":"28 Sep 2012","didNotBat":false,"dismissalBowlerHand":"right","dismissalType":"caught","dismissedAgainst":"pace","firstBat":true,"fours":2,"ground":"Colombo (RPS)","match":36,"matchID":278,"minutes":"21","notOut":false,"opposition":"Australia","runs":15,"sixes":0,"strikeRate":71,"won":false},{"balls":0,"batPosition":"-","captained":true,"date":"30 Sep 2012","didNotBat":true,"dismissalBowlerHand":null,"dismissalType":"-","dismissedAgainst":null,"firstBat":false,"fours":0,"ground":"Colombo (RPS)","match":37,"matchID":282,"minutes":0,"notOut":true,"opposition":"Pakistan","runs":0,"sixes":0,"strikeRate":0,"won":true},{"balls":13,"batPosition":"7","captained":true,"date":"2 Oct 2012","didNotBat":false,"dismissalBowlerHand":null,"dismissalType":"not out","dismissedAgainst":null,"firstBat":true,"fours":3,"ground":"Colombo (RPS)","match":38,"matchID":286,"minutes":"20","notOut":true,"opposition":"South Africa","runs":23,"sixes":0,"strikeRate":176,"won":true},{"balls":21,"batPosition":"6","captained":true,"date":"20 Dec 2012","didNotBat":false,"dismissalBowlerHand":null,"dismissalType":"not out","dismissedAgainst":null,"firstBat":false,"fours":2,"ground":"Pune","match":39,"matchID":292,"minutes":"29","notOut":true,"opposition":"England","runs":24,"sixes":0,"strikeRate":114,"won":true},{"balls":18,"batPosition":"7","captained":true,"date":"22 Dec 2012","didNotBat":false,"dismissalBowlerHand":"right","dismissalType":"caught","dismissedAgainst":"pace","firstBat":true,"fours":3,"ground":"Mumbai","match":40,"matchID":294,"minutes":"23","notOut":false,"opposition":"England","runs":38,"sixes":2,"strikeRate":211,"won":false},{"balls":2,"batPosition":"5","captained":true,"date":"25 Dec 2012","didNotBat":false,"dismissalBowlerHand":"right","dismissalType":"bowled","dismissedAgainst":"spin","firstBat":true,"fours":0,"ground":"Bengaluru","match":41,"matchID":296,"minutes":"7","notOut":false,"opposition":"Pakistan","runs":1,"sixes":0,"strikeRate":50,"won":false},{"balls":23,"batPosition":"5","captained":true,"date":"28 Dec 2012","didNotBat":false,"dismissalBowlerHand":"right","dismissalType":"bowled","dismissedAgainst":"pace","firstBat":true,"fours":4,"ground":"Ahmedabad","match":42,"matchID":298,"minutes":"39","notOut":false,"opposition":"Pakistan","runs":33,"sixes":0,"strikeRate":143,"won":true},{"balls":21,"batPosition":"6","captained":true,"date":"10 Oct 2013","didNotBat":false,"dismissalBowlerHand":null,"dismissalType":"not out","dismissedAgainst":null,"firstBat":false,"fours":2,"ground":"Rajkot","match":43,"matchID":331,"minutes":"44","notOut":true,"opposition":"Australia","runs":24,"sixes":0,"strikeRate":114,"won":true},{"balls":0,"batPosition":"-","captained":true,"date":"21 Mar 2014","didNotBat":true,"dismissalBowlerHand":null,"dismissalType":"-","dismissedAgainst":null,"firstBat":false,"fours":0,"ground":"Dhaka","match":44,"matchID":378,"minutes":0,"notOut":true,"opposition":"Pakistan","runs":0,"sixes":0,"strikeRate":0,"won":true},{"balls":0,"batPosition":"-","captained":true,"date":"23 Mar 2014","didNotBat":true,"dismissalBowlerHand":null,"dismissalType":"-","dismissedAgainst":null,"firstBat":false,"fours":0,"ground":"Dhaka","match":45,"matchID":382,"minutes":0,"notOut":true,"opposition":"West Indies","runs":0,"sixes":0,"strikeRate":0,"won":true},{"balls":12,"batPosition":"4","captained":true,"date":"28 Mar 2014","didNotBat":false,"dismissalBowlerHand":null,"dismissalType":"not out","dismissedAgainst":null,"firstBat":false,"fours":1,"ground":"Dhaka","match":46,"matchID":389,"minutes":"16","notOut":true,"opposition":"Bangladesh","runs":22,"sixes":2,"strikeRate":183,"won":true},{"balls":20,"batPosition":"6","captained":true,"date":"30 Mar 2014","didNotBat":false,"dismissalBowlerHand":"left","dismissalType":"bowled","dismissedAgainst":"pace","firstBat":true,"fours":1,"ground":"Dhaka","match":47,"matchID":393,"minutes":"36","notOut":false,"opposition":"Australia","runs":24,"sixes":1,"strikeRate":120,"won":true},{"balls":1,"batPosition":"6","captained":true,"date":"4 Apr 2014","didNotBat":false,"dismissalBowlerHand":null,"dismissalType":"not out","dismissedAgainst":null,"firstBat":false,"fours":0,"ground":"Dhaka","match":48,"matchID":399,"minutes":"3","notOut":true,"opposition":"South Africa","runs":0,"sixes":0,"strikeRate":0,"won":true},{"balls":7,"batPosition":"5","captained":true,"date":"6 Apr 2014","didNotBat":false,"dismissalBowlerHand":null,"dismissalType":"not out","dismissedAgainst":null,"firstBat":true,"fours":0,"ground":"Dhaka","match":49,"matchID":400,"minutes":"10","notOut":true,"opposition":"Sri Lanka","runs":4,"sixes":0,"strikeRate":57,"won":false},{"balls":18,"batPosition":"5","captained":true,"date":"7 Sep 2014","didNotBat":false,"dismissalBowlerHand":null,"dismissalType":"not out","dismissedAgainst":null,"firstBat":false,"fours":2,"ground":"Birmingham","match":50,"matchID":405,"minutes":"35","notOut":true,"opposition":"England","runs":27,"sixes":1,"strikeRate":150,"won":false},{"balls":12,"batPosition":"5","captained":true,"date":"2 Oct 2015","didNotBat":false,"dismissalBowlerHand":null,"dismissalType":"not out","dismissedAgainst":null,"firstBat":true,"fours":2,"ground":"Dharamsala","match":51,"matchID":456,"minutes":"22","notOut":true,"opposition":"South Africa","runs":20,"sixes":1,"strikeRate":166,"won":false},{"balls":8,"batPosition":"6","captained":true,"date":"5 Oct 2015","didNotBat":false,"dismissalBowlerHand":"right","dismissalType":"caught","dismissedAgainst":"pace","firstBat":true,"fours":0,"ground":"Cuttack","match":52,"matchID":457,"minutes":"20","notOut":false,"opposition":"South Africa","runs":5,"sixes":0,"strikeRate":62,"won":false},{"balls":3,"batPosition":"5","captained":true,"date":"26 Jan 2016","didNotBat":false,"dismissalBowlerHand":null,"dismissalType":"not out","dismissedAgainst":null,"firstBat":true,"fours":1,"ground":"Adelaide","match":53,"matchID":485,"minutes":"3","notOut":true,"opposition":"Australia","runs":11,"sixes":1,"strikeRate":366,"won":true},{"balls":9,"batPosition":"4","captained":true,"date":"29 Jan 2016","didNotBat":false,"dismissalBowlerHand":"right","dismissalType":"caught","dismissedAgainst":"pace","firstBat":true,"fours":2,"ground":"Melbourne","match":54,"matchID":486,"minutes":"18","notOut":false,"opposition":"Australia","runs":14,"sixes":0,"strikeRate":155,"won":true},{"balls":0,"batPosition":"-","captained":true,"date":"31 Jan 2016","didNotBat":true,"dismissalBowlerHand":null,"dismissalType":"-","dismissedAgainst":null,"firstBat":false,"fours":0,"ground":"Sydney","match":55,"matchID":489,"minutes":0,"notOut":true,"opposition":"Australia","runs":0,"sixes":0,"strikeRate":0,"won":true},{"balls":2,"batPosition":"6","captained":true,"date":"9 Feb 2016","didNotBat":false,"dismissalBowlerHand":"right","dismissalType":"caught","dismissedAgainst":"pace","firstBat":true,"fours":0,"ground":"Pune","match":56,"matchID":496,"minutes":"2","notOut":false,"opposition":"Sri Lanka","runs":2,"sixes":0,"strikeRate":100,"won":false},{"balls":5,"batPosition":"6","captained":true,"date":"12 Feb 2016","didNotBat":false,"dismissalBowlerHand":null,"dismissalType":"not out","dismissedAgainst":null,"firstBat":true,"fours":1,"ground":"Ranchi","match":57,"matchID":497,"minutes":0,"notOut":true,"opposition":"Sri Lanka","runs":9,"sixes":0,"strikeRate":180,"won":true},{"balls":0,"batPosition":"-","captained":true,"date":"14 Feb 2016","didNotBat":true,"dismissalBowlerHand":null,"dismissalType":"-","dismissedAgainst":null,"firstBat":false,"fours":0,"ground":"Visakhapatnam","match":58,"matchID":499,"minutes":0,"notOut":true,"opposition":"Sri Lanka","runs":0,"sixes":0,"strikeRate":0,"won":true},{"balls":2,"batPosition":"7","captained":true,"date":"24 Feb 2016","didNotBat":false,"dismissalBowlerHand":null,"dismissalType":"not out","dismissedAgainst":null,"firstBat":true,"fours":0,"ground":"Dhaka","match":59,"matchID":509,"minutes":"4","notOut":true,"opposition":"Bangladesh","runs":8,"sixes":1,"strikeRate":400,"won":true},{"balls":3,"batPosition":"7","captained":true,"date":"27 Feb 2016","didNotBat":false,"dismissalBowlerHand":null,"dismissalType":"not out","dismissedAgainst":null,"firstBat":false,"fours":1,"ground":"Dhaka","match":60,"matchID":512,"minutes":"6","notOut":true,"opposition":"Pakistan","runs":7,"sixes":0,"strikeRate":233,"won":true},{"balls":4,"batPosition":"7","captained":true,"date":"1 Mar 2016","didNotBat":false,"dismissalBowlerHand":null,"dismissalType":"not out","dismissedAgainst":null,"firstBat":false,"fours":0,"ground":"Dhaka","match":61,"matchID":515,"minutes":"7","notOut":true,"opposition":"Sri Lanka","runs":7,"sixes":1,"strikeRate":175,"won":true},{"balls":0,"batPosition":"-","captained":true,"date":"3 Mar 2016","didNotBat":true,"dismissalBowlerHand":null,"dismissalType":"-","dismissedAgainst":null,"firstBat":false,"fours":0,"ground":"Dhaka","match":62,"matchID":517,"minutes":0,"notOut":true,"opposition":"U.A.E.","runs":0,"sixes":0,"strikeRate":0,"won":true},{"balls":6,"batPosition":"4","captained":true,"date":"6 Mar 2016","didNotBat":false,"dismissalBowlerHand":null,"dismissalType":"not out","dismissedAgainst":null,"firstBat":false,"fours":1,"ground":"Dhaka","match":63,"matchID":521,"minutes":"7","notOut":true,"opposition":"Bangladesh","runs":20,"sixes":2,"strikeRate":333,"won":true},{"balls":30,"batPosition":"6","captained":true,"date":"15 Mar 2016","didNotBat":false,"dismissalBowlerHand":"left","dismissalType":"caught","dismissedAgainst":"spin","firstBat":false,"fours":1,"ground":"Nagpur","match":64,"matchID":535,"minutes":0,"notOut":false,"opposition":"New Zealand","runs":30,"sixes":1,"strikeRate":100,"won":false},{"balls":9,"batPosition":"6","captained":true,"date":"19 Mar 2016","didNotBat":false,"dismissalBowlerHand":null,"dismissalType":"not out","dismissedAgainst":null,"firstBat":false,"fours":0,"ground":"Kolkata","match":65,"matchID":541,"minutes":"15","notOut":true,"opposition":"Pakistan","runs":13,"sixes":1,"strikeRate":144,"won":true},{"balls":12,"batPosition":"6","captained":true,"date":"23 Mar 2016","didNotBat":false,"dismissalBowlerHand":null,"dismissalType":"not out","dismissedAgainst":null,"firstBat":true,"fours":1,"ground":"Bengaluru","match":66,"matchID":547,"minutes":"29","notOut":true,"opposition":"Bangladesh","runs":13,"sixes":0,"strikeRate":108,"won":true},{"balls":10,"batPosition":"6","captained":true,"date":"27 Mar 2016","didNotBat":false,"dismissalBowlerHand":null,"dismissalType":"not out","dismissedAgainst":null,"firstBat":false,"fours":3,"ground":"Mohali","match":67,"matchID":553,"minutes":"29","notOut":true,"opposition":"Australia","runs":18,"sixes":0,"strikeRate":180,"won":true},{"balls":9,"batPosition":"4","captained":true,"date":"31 Mar 2016","didNotBat":false,"dismissalBowlerHand":null,"dismissalType":"not out","dismissedAgainst":null,"firstBat":true,"fours":1,"ground":"Mumbai","match":68,"matchID":556,"minutes":"24","notOut":true,"opposition":"West Indies","runs":15,"sixes":0,"strikeRate":166,"won":false},{"balls":17,"batPosition":"6","captained":true,"date":"18 Jun 2016","didNotBat":false,"dismissalBowlerHand":null,"dismissalType":"not out","dismissedAgainst":null,"firstBat":false,"fours":1,"ground":"Harare","match":69,"matchID":558,"minutes":0,"notOut":true,"opposition":"Zimbabwe","runs":19,"sixes":0,"strikeRate":111,"won":false},{"balls":0,"batPosition":"-","captained":true,"date":"20 Jun 2016","didNotBat":true,"dismissalBowlerHand":null,"dismissalType":"-","dismissedAgainst":null,"firstBat":false,"fours":0,"ground":"Harare","match":70,"matchID":559,"minutes":0,"notOut":true,"opposition":"Zimbabwe","runs":0,"sixes":0,"strikeRate":0,"won":true},{"balls":13,"batPosition":"6","captained":true,"date":"22 Jun 2016","didNotBat":false,"dismissalBowlerHand":"right","dismissalType":"bowled","dismissedAgainst":"pace","firstBat":true,"fours":1,"ground":"Harare","match":71,"matchID":560,"minutes":"19","notOut":false,"opposition":"Zimbabwe","runs":9,"sixes":0,"strikeRate":69,"won":true},{"balls":25,"batPosition":"5","captained":true,"date":"27 Aug 2016","didNotBat":false,"dismissalBowlerHand":"right","dismissalType":"caught","dismissedAgainst":"pace","firstBat":false,"fours":2,"ground":"Lauderhill","match":72,"matchID":562,"minutes":"53","notOut":false,"opposition":"West Indies","runs":43,"sixes":2,"strikeRate":172,"won":false},{"balls":0,"batPosition":"-","captained":true,"date":"28 Aug 2016","didNotBat":true,"dismissalBowlerHand":null,"dismissalType":"-","dismissedAgainst":null,"firstBat":false,"fours":0,"ground":"Lauderhill","match":73,"matchID":563,"minutes":0,"notOut":true,"opposition":"West Indies","runs":0,"sixes":0,"strikeRate":0,"won":false},{"balls":27,"batPosition":"5","captained":false,"date":"26 Jan 2017","didNotBat":false,"dismissalBowlerHand":null,"dismissalType":"not out","dismissedAgainst":null,"firstBat":true,"fours":3,"ground":"Kanpur","match":74,"matchID":592,"minutes":"47","notOut":true,"opposition":"England","runs":36,"sixes":0,"strikeRate":133,"won":false},{"balls":7,"batPosition":"6","captained":false,"date":"29 Jan 2017","didNotBat":false,"dismissalBowlerHand":"right","dismissalType":"bowled","dismissedAgainst":"pace","firstBat":true,"fours":0,"ground":"Nagpur","match":75,"matchID":593,"minutes":"16","notOut":false,"opposition":"England","runs":5,"sixes":0,"strikeRate":71,"won":true},{"balls":36,"batPosition":"4","captained":false,"date":"1 Feb 2017","didNotBat":false,"dismissalBowlerHand":"right","dismissalType":"caught","dismissedAgainst":"pace","firstBat":true,"fours":5,"ground":"Bengaluru","match":76,"matchID":594,"minutes":"56","notOut":false,"opposition":"England","runs":56,"sixes":2,"strikeRate":155,"won":true},{"balls":3,"batPosition":"5","captained":false,"date":"9 Jul 2017","didNotBat":false,"dismissalBowlerHand":"right","dismissalType":"caught","dismissedAgainst":"pace","firstBat":true,"fours":0,"ground":"Kingston","match":77,"matchID":617,"minutes":0,"notOut":false,"opposition":"West Indies","runs":2,"sixes":0,"strikeRate":66,"won":false},{"balls":1,"batPosition":"5","captained":false,"date":"6 Sep 2017","didNotBat":false,"dismissalBowlerHand":null,"dismissalType":"not out","dismissedAgainst":null,"firstBat":false,"fours":0,"ground":"Colombo (RPS)","match":78,"matchID":618,"minutes":0,"notOut":true,"opposition":"Sri Lanka","runs":1,"sixes":0,"strikeRate":100,"won":true},{"balls":0,"batPosition":"-","captained":false,"date":"7 Oct 2017","didNotBat":true,"dismissalBowlerHand":null,"dismissalType":"-","dismissedAgainst":null,"firstBat":false,"fours":0,"ground":"Ranchi","match":79,"matchID":623,"minutes":0,"notOut":true,"opposition":"Australia","runs":0,"sixes":0,"strikeRate":0,"won":true},{"balls":16,"batPosition":"6","captained":false,"date":"10 Oct 2017","didNotBat":false,"dismissalBowlerHand":"right","dismissalType":"stumped","dismissedAgainst":"spin","firstBat":true,"fours":1,"ground":"Guwahati","match":80,"matchID":624,"minutes":"24","notOut":false,"opposition":"Australia","runs":13,"sixes":0,"strikeRate":81,"won":false},{"balls":2,"batPosition":"5","captained":false,"date":"1 Nov 2017","didNotBat":false,"dismissalBowlerHand":null,"dismissalType":"not out","dismissedAgainst":null,"firstBat":true,"fours":0,"ground":"Delhi","match":81,"matchID":630,"minutes":"4","notOut":true,"opposition":"New Zealand","runs":7,"sixes":1,"strikeRate":350,"won":true},{"balls":37,"batPosition":"6","captained":false,"date":"4 Nov 2017","didNotBat":false,"dismissalBowlerHand":"left","dismissalType":"caught","dismissedAgainst":"pace","firstBat":false,"fours":2,"ground":"Rajkot","match":82,"matchID":631,"minutes":"44","notOut":false,"opposition":"New Zealand","runs":49,"sixes":3,"strikeRate":132,"won":false},{"balls":0,"batPosition":"7","captained":false,"date":"7 Nov 2017","didNotBat":false,"dismissalBowlerHand":null,"dismissalType":"not out","dismissedAgainst":null,"firstBat":true,"fours":0,"ground":"Thiruvananthapuram","match":83,"matchID":632,"minutes":"3","notOut":true,"opposition":"New Zealand","runs":0,"sixes":0,"strikeRate":132,"won":true},{"balls":22,"batPosition":"4","captained":false,"date":"20 Dec 2017","didNotBat":false,"dismissalBowlerHand":null,"dismissalType":"not out","dismissedAgainst":null,"firstBat":true,"fours":4,"ground":"Cuttack","match":84,"matchID":633,"minutes":"40","notOut":true,"opposition":"Sri Lanka","runs":39,"sixes":1,"strikeRate":177,"won":true},{"balls":21,"batPosition":"3","captained":false,"date":"22 Dec 2017","didNotBat":false,"dismissalBowlerHand":"right","dismissalType":"bowled","dismissedAgainst":"pace","firstBat":true,"fours":2,"ground":"Indore","match":85,"matchID":634,"minutes":"41","notOut":false,"opposition":"Sri Lanka","runs":28,"sixes":2,"strikeRate":133,"won":true},{"balls":10,"batPosition":"7","captained":false,"date":"24 Dec 2017","didNotBat":false,"dismissalBowlerHand":null,"dismissalType":"not out","dismissedAgainst":null,"firstBat":false,"fours":2,"ground":"Mumbai","match":86,"matchID":635,"minutes":"20","notOut":true,"opposition":"Sri Lanka","runs":16,"sixes":0,"strikeRate":160,"won":true},{"balls":11,"batPosition":"6","captained":false,"date":"18 Feb 2018","didNotBat":false,"dismissalBowlerHand":"right","dismissalType":"bowled","dismissedAgainst":"pace","firstBat":true,"fours":2,"ground":"Johannesburg","match":87,"matchID":652,"minutes":"17","notOut":false,"opposition":"South Africa","runs":16,"sixes":0,"strikeRate":145,"won":true},{"balls":28,"batPosition":"6","captained":false,"date":"21 Feb 2018","didNotBat":false,"dismissalBowlerHand":null,"dismissalType":"not out","dismissedAgainst":null,"firstBat":true,"fours":4,"ground":"Centurion","match":88,"matchID":654,"minutes":"43","notOut":true,"opposition":"South Africa","runs":52,"sixes":3,"strikeRate":185,"won":false},{"balls":11,"batPosition":"6","captained":false,"date":"24 Feb 2018","didNotBat":false,"dismissalBowlerHand":"right","dismissalType":"caught","dismissedAgainst":"pace","firstBat":true,"fours":1,"ground":"Cape Town","match":89,"matchID":655,"minutes":"14","notOut":false,"opposition":"South Africa","runs":12,"sixes":0,"strikeRate":109,"won":true},{"balls":5,"batPosition":"4","captained":false,"date":"27 Jun 2018","didNotBat":false,"dismissalBowlerHand":"right","dismissalType":"caught","dismissedAgainst":"pace","firstBat":true,"fours":1,"ground":"Dublin (Malahide)","match":90,"matchID":678,"minutes":"8","notOut":false,"opposition":"Ireland","runs":11,"sixes":1,"strikeRate":220,"won":true},{"balls":0,"batPosition":"-","captained":false,"date":"3 Jul 2018","didNotBat":true,"dismissalBowlerHand":null,"dismissalType":"-","dismissedAgainst":null,"firstBat":false,"fours":0,"ground":"Manchester","match":91,"matchID":684,"minutes":0,"notOut":true,"opposition":"England","runs":0,"sixes":0,"strikeRate":0,"won":true},{"balls":24,"batPosition":"6","captained":false,"date":"6 Jul 2018","didNotBat":false,"dismissalBowlerHand":null,"dismissalType":"not out","dismissedAgainst":null,"firstBat":true,"fours":5,"ground":"Cardiff","match":92,"matchID":688,"minutes":0,"notOut":true,"opposition":"England","runs":32,"sixes":0,"strikeRate":133,"won":false},{"balls":0,"batPosition":"-","captained":false,"date":"8 Jul 2018","didNotBat":true,"dismissalBowlerHand":null,"dismissalType":"-","dismissedAgainst":null,"firstBat":false,"fours":0,"ground":"Bristol","match":93,"matchID":690,"minutes":0,"notOut":true,"opposition":"England","runs":0,"sixes":0,"strikeRate":0,"won":true},{"balls":31,"batPosition":"5","captained":false,"date":"6 Feb 2019","didNotBat":false,"dismissalBowlerHand":"right","dismissalType":"caught","dismissedAgainst":"pace","firstBat":false,"fours":5,"ground":"Wellington","match":94,"matchID":735,"minutes":"47","notOut":false,"opposition":"New Zealand","runs":39,"sixes":1,"strikeRate":125,"won":false},{"balls":17,"batPosition":"5","captained":false,"date":"8 Feb 2019","didNotBat":false,"dismissalBowlerHand":null,"dismissalType":"not out","dismissedAgainst":null,"firstBat":false,"fours":1,"ground":"Auckland","match":95,"matchID":737,"minutes":"23","notOut":true,"opposition":"New Zealand","runs":20,"sixes":0,"strikeRate":117,"won":true},{"balls":4,"batPosition":"6","captained":false,"date":"10 Feb 2019","didNotBat":false,"dismissalBowlerHand":"right","dismissalType":"caught","dismissedAgainst":"pace","firstBat":false,"fours":0,"ground":"Hamilton","match":96,"matchID":738,"minutes":"9","notOut":false,"opposition":"New Zealand","runs":2,"sixes":0,"strikeRate":50,"won":false},{"balls":37,"batPosition":"5","captained":false,"date":"24 Feb 2019","didNotBat":false,"dismissalBowlerHand":null,"dismissalType":"not out","dismissedAgainst":null,"firstBat":true,"fours":0,"ground":"Visakhapatnam","match":97,"matchID":748,"minutes":"48","notOut":true,"opposition":"Australia","runs":29,"sixes":1,"strikeRate":78,"won":false},{"balls":23,"batPosition":"5","captained":false,"date":"27 Feb 2019","didNotBat":false,"dismissalBowlerHand":"right","dismissalType":"caught","dismissedAgainst":"pace","firstBat":true,"fours":3,"ground":"Bengaluru","match":98,"matchID":749,"minutes":"39","notOut":false,"opposition":"Australia","runs":40,"sixes":3,"strikeRate":173,"won":false}]
