[{"balls":0,"batPosition":"-","captained":false,"date":"19 Sep 2007","didNotBat":true,"dismissalBowlerHand":null,"dismissalType":"-","dismissedAgainst":null,"firstBat":true,"fours":0,"ground":"Durban","match":1,"matchID":40,"minutes":0,"notOut":true,"opposition":"England","runs":0,"sixes":0,"strikeRate":0,"won":true},{"balls":40,"batPosition":"5","captained":false,"date":"20 Sep 2007","didNotBat":false,"dismissalBowlerHand":null,"dismissalType":"not out","dismissedAgainst":null,"firstBat":true,"fours":7,"ground":"Durban","match":2,"matchID":43,"minutes":"52","notOut":true,"opposition":"South Africa","runs":50,"sixes":2,"strikeRate":125,"won":true},{"balls":5,"batPosition":"6","captained":false,"date":"22 Sep 2007","didNotBat":false,"dismissalBowlerHand":null,"dismissalType":"not out","dismissedAgainst":null,"firstBat":true,"fours":0,"ground":"Durban","match":3,"matchID":45,"minutes":"11","notOut":true,"opposition":"Australia","runs":8,"sixes":1,"strikeRate":160,"won":true},{"balls":16,"batPosition":"6","captained":false,"date":"24 Sep 2007","didNotBat":false,"dismissalBowlerHand":null,"dismissalType":"not out","dismissedAgainst":null,"firstBat":true,"fours":2,"ground":"Johannesburg","match":4,"matchID":46,"minutes":"22","notOut":true,"opposition":"Pakistan","runs":30,"sixes":1,"strikeRate":187,"won":true},{"balls":0,"batPosition":"-","captained":false,"date":"20 Oct 2007","didNotBat":true,"dismissalBowlerHand":null,"dismissalType":"-","dismissedAgainst":null,"firstBat":false,"fours":0,"ground":"Mumbai (BS)","match":5,"matchID":47,"minutes":0,"notOut":true,"opposition":"Australia","runs":0,"sixes":0,"strikeRate":0,"won":true},{"balls":8,"batPosition":"5","captained":false,"date":"1 Feb 2008","didNotBat":false,"dismissalBowlerHand":"right","dismissalType":"bowled","dismissedAgainst":"pace","firstBat":true,"fours":1,"ground":"Melbourne","match":6,"matchID":52,"minutes":"15","notOut":false,"opposition":"Australia","runs":8,"sixes":0,"strikeRate":100,"won":false},{"balls":11,"batPosition":"6","captained":false,"date":"10 Feb 2009","didNotBat":false,"dismissalBowlerHand":"left","dismissalType":"caught","dismissedAgainst":"spin","firstBat":false,"fours":0,"ground":"Colombo (RPS)","match":7,"matchID":82,"minutes":"13","notOut":false,"opposition":"Sri Lanka","runs":4,"sixes":0,"strikeRate":36,"won":true},{"balls":7,"batPosition":"4","captained":false,"date":"25 Feb 2009","didNotBat":false,"dismissalBowlerHand":"right","dismissalType":"caught","dismissedAgainst":"pace","firstBat":true,"fours":0,"ground":"Christchurch","match":8,"matchID":84,"minutes":"9","notOut":false,"opposition":"New Zealand","runs":7,"sixes":1,"strikeRate":100,"won":false},{"balls":23,"batPosition":"2","captained":false,"date":"6 Jun 2009","didNotBat":false,"dismissalBowlerHand":"left","dismissalType":"bowled","dismissedAgainst":"spin","firstBat":true,"fours":3,"ground":"Nottingham","match":9,"matchID":93,"minutes":"34","notOut":false,"opposition":"Bangladesh","runs":36,"sixes":2,"strikeRate":156,"won":true},{"balls":45,"batPosition":"2","captained":false,"date":"10 Jun 2009","didNotBat":false,"dismissalBowlerHand":null,"dismissalType":"not out","dismissedAgainst":null,"firstBat":false,"fours":4,"ground":"Nottingham","match":10,"matchID":101,"minutes":"61","notOut":true,"opposition":"Ireland","runs":52,"sixes":1,"strikeRate":115,"won":true},{"balls":3,"batPosition":"2","captained":false,"date":"12 Jun 2009","didNotBat":false,"dismissalBowlerHand":"right","dismissalType":"caught","dismissedAgainst":"pace","firstBat":true,"fours":1,"ground":"Lord's","match":11,"matchID":105,"minutes":"6","notOut":false,"opposition":"West Indies","runs":5,"sixes":0,"strikeRate":166,"won":false},{"balls":8,"batPosition":"2","captained":false,"date":"14 Jun 2009","didNotBat":false,"dismissalBowlerHand":"left","dismissalType":"bowled","dismissedAgainst":"pace","firstBat":false,"fours":1,"ground":"Lord's","match":12,"matchID":109,"minutes":"7","notOut":false,"opposition":"England","runs":9,"sixes":0,"strikeRate":112,"won":false},{"balls":28,"batPosition":"2","captained":false,"date":"16 Jun 2009","didNotBat":false,"dismissalBowlerHand":"right","dismissalType":"caught","dismissedAgainst":"spin","firstBat":false,"fours":3,"ground":"Nottingham","match":13,"matchID":113,"minutes":"39","notOut":false,"opposition":"South Africa","runs":29,"sixes":0,"strikeRate":103,"won":false},{"balls":4,"batPosition":"5","captained":false,"date":"9 Dec 2009","didNotBat":false,"dismissalBowlerHand":null,"dismissalType":"run out","dismissedAgainst":null,"firstBat":false,"fours":0,"ground":"Nagpur","match":14,"matchID":126,"minutes":0,"notOut":false,"opposition":"Sri Lanka","runs":3,"sixes":0,"strikeRate":75,"won":false},{"balls":46,"batPosition":"4","captained":false,"date":"7 May 2010","didNotBat":false,"dismissalBowlerHand":null,"dismissalType":"not out","dismissedAgainst":null,"firstBat":false,"fours":4,"ground":"Bridgetown","match":15,"matchID":165,"minutes":"65","notOut":true,"opposition":"Australia","runs":79,"sixes":6,"strikeRate":171,"won":false},{"balls":8,"batPosition":"4","captained":false,"date":"9 May 2010","didNotBat":false,"dismissalBowlerHand":"right","dismissalType":"caught","dismissedAgainst":"pace","firstBat":false,"fours":1,"ground":"Bridgetown","match":16,"matchID":169,"minutes":"10","notOut":false,"opposition":"West Indies","runs":5,"sixes":0,"strikeRate":62,"won":false},{"balls":0,"batPosition":"-","captained":false,"date":"11 May 2010","didNotBat":true,"dismissalBowlerHand":null,"dismissalType":"-","dismissedAgainst":null,"firstBat":true,"fours":0,"ground":"Gros Islet","match":17,"matchID":173,"minutes":0,"notOut":true,"opposition":"Sri Lanka","runs":0,"sixes":0,"strikeRate":0,"won":false},{"balls":15,"batPosition":"4","captained":false,"date":"12 Jun 2010","didNotBat":false,"dismissalBowlerHand":"left","dismissalType":"stumped","dismissedAgainst":"spin","firstBat":false,"fours":1,"ground":"Harare","match":18,"matchID":182,"minutes":"22","notOut":false,"opposition":"Zimbabwe","runs":10,"sixes":0,"strikeRate":66,"won":true},{"balls":0,"batPosition":"5","captained":false,"date":"13 Jun 2010","didNotBat":false,"dismissalBowlerHand":null,"dismissalType":"not out","dismissedAgainst":null,"firstBat":false,"fours":0,"ground":"Harare","match":19,"matchID":183,"minutes":"1","notOut":true,"opposition":"Zimbabwe","runs":0,"sixes":0,"strikeRate":66,"won":true},{"balls":34,"batPosition":"3","captained":false,"date":"9 Jan 2011","didNotBat":false,"dismissalBowlerHand":"right","dismissalType":"caught","dismissedAgainst":"spin","firstBat":true,"fours":5,"ground":"Durban","match":20,"matchID":196,"minutes":"38","notOut":false,"opposition":"South Africa","runs":53,"sixes":2,"strikeRate":155,"won":true},{"balls":23,"batPosition":"6","captained":false,"date":"4 Jun 2011","didNotBat":false,"dismissalBowlerHand":"right","dismissalType":"bowled","dismissedAgainst":"pace","firstBat":true,"fours":0,"ground":"Port of Spain","match":21,"matchID":200,"minutes":"33","notOut":false,"opposition":"West Indies","runs":26,"sixes":2,"strikeRate":113,"won":true},{"balls":3,"batPosition":"5","captained":false,"date":"31 Aug 2011","didNotBat":false,"dismissalBowlerHand":"right","dismissalType":"stumped","dismissedAgainst":"spin","firstBat":true,"fours":0,"ground":"Manchester","match":22,"matchID":204,"minutes":"7","notOut":false,"opposition":"England","runs":1,"sixes":0,"strikeRate":33,"won":false},{"balls":1,"batPosition":"5","captained":false,"date":"1 Feb 2012","didNotBat":false,"dismissalBowlerHand":"right","dismissalType":"bowled","dismissedAgainst":"spin","firstBat":false,"fours":0,"ground":"Sydney","match":23,"matchID":217,"minutes":"2","notOut":false,"opposition":"Australia","runs":0,"sixes":0,"strikeRate":0,"won":false},{"balls":0,"batPosition":"-","captained":false,"date":"3 Feb 2012","didNotBat":true,"dismissalBowlerHand":null,"dismissalType":"-","dismissedAgainst":null,"firstBat":false,"fours":0,"ground":"Melbourne","match":24,"matchID":218,"minutes":0,"notOut":true,"opposition":"Australia","runs":0,"sixes":0,"strikeRate":0,"won":true},{"balls":0,"batPosition":"-","captained":false,"date":"30 Mar 2012","didNotBat":true,"dismissalBowlerHand":null,"dismissalType":"-","dismissedAgainst":null,"firstBat":false,"fours":0,"ground":"Johannesburg","match":25,"matchID":242,"minutes":0,"notOut":true,"opposition":"South Africa","runs":0,"sixes":0,"strikeRate":0,"won":false},{"balls":0,"batPosition":"-","captained":false,"date":"7 Aug 2012","didNotBat":true,"dismissalBowlerHand":null,"dismissalType":"-","dismissedAgainst":null,"firstBat":true,"fours":0,"ground":"Pallekele","match":26,"matchID":255,"minutes":0,"notOut":true,"opposition":"Sri Lanka","runs":0,"sixes":0,"strikeRate":0,"won":true},{"balls":2,"batPosition":"6","captained":false,"date":"11 Sep 2012","didNotBat":false,"dismissalBowlerHand":null,"dismissalType":"not out","dismissedAgainst":null,"firstBat":false,"fours":0,"ground":"Chennai","match":27,"matchID":261,"minutes":"2","notOut":true,"opposition":"New Zealand","runs":4,"sixes":0,"strikeRate":200,"won":false},{"balls":1,"batPosition":"7","captained":false,"date":"19 Sep 2012","didNotBat":false,"dismissalBowlerHand":null,"dismissalType":"not out","dismissedAgainst":null,"firstBat":true,"fours":0,"ground":"Colombo (RPS)","match":28,"matchID":265,"minutes":"2","notOut":true,"opposition":"Afghanistan","runs":1,"sixes":0,"strikeRate":100,"won":true},{"balls":33,"batPosition":"4","captained":false,"date":"23 Sep 2012","didNotBat":false,"dismissalBowlerHand":null,"dismissalType":"not out","dismissedAgainst":null,"firstBat":true,"fours":5,"ground":"Colombo (RPS)","match":29,"matchID":272,"minutes":"48","notOut":true,"opposition":"England","runs":55,"sixes":1,"strikeRate":166,"won":true},{"balls":2,"batPosition":"5","captained":false,"date":"28 Sep 2012","didNotBat":false,"dismissalBowlerHand":"left","dismissalType":"bowled","dismissedAgainst":"pace","firstBat":true,"fours":0,"ground":"Colombo (RPS)","match":30,"matchID":278,"minutes":"5","notOut":false,"opposition":"Australia","runs":1,"sixes":0,"strikeRate":50,"won":false},{"balls":0,"batPosition":"-","captained":false,"date":"30 Sep 2012","didNotBat":true,"dismissalBowlerHand":null,"dismissalType":"-","dismissedAgainst":null,"firstBat":false,"fours":0,"ground":"Colombo (RPS)","match":31,"matchID":282,"minutes":0,"notOut":true,"opposition":"Pakistan","runs":0,"sixes":0,"strikeRate":0,"won":true},{"balls":27,"batPosition":"4","captained":false,"date":"2 Oct 2012","didNotBat":false,"dismissalBowlerHand":"left","dismissalType":"lbw","dismissedAgainst":"spin","firstBat":true,"fours":2,"ground":"Colombo (RPS)","match":32,"matchID":286,"minutes":"48","notOut":false,"opposition":"South Africa","runs":25,"sixes":0,"strikeRate":92,"won":true},{"balls":19,"batPosition":"5","captained":false,"date":"22 Dec 2012","didNotBat":false,"dismissalBowlerHand":"right","dismissalType":"bowled","dismissedAgainst":"spin","firstBat":true,"fours":1,"ground":"Mumbai","match":33,"matchID":294,"minutes":"28","notOut":false,"opposition":"England","runs":24,"sixes":1,"strikeRate":126,"won":false},{"balls":2,"batPosition":"7","captained":false,"date":"25 Dec 2012","didNotBat":false,"dismissalBowlerHand":null,"dismissalType":"run out","dismissedAgainst":null,"firstBat":true,"fours":0,"ground":"Bengaluru","match":34,"matchID":296,"minutes":"8","notOut":false,"opposition":"Pakistan","runs":2,"sixes":0,"strikeRate":100,"won":false},{"balls":2,"batPosition":"7","captained":false,"date":"28 Dec 2012","didNotBat":false,"dismissalBowlerHand":null,"dismissalType":"not out","dismissedAgainst":null,"firstBat":true,"fours":1,"ground":"Ahmedabad","match":35,"matchID":298,"minutes":"1","notOut":true,"opposition":"Pakistan","runs":4,"sixes":0,"strikeRate":200,"won":true},{"balls":8,"batPosition":"1","captained":false,"date":"10 Oct 2013","didNotBat":false,"dismissalBowlerHand":"right","dismissalType":"caught","dismissedAgainst":"pace","firstBat":false,"fours":0,"ground":"Rajkot","match":36,"matchID":331,"minutes":"8","notOut":false,"opposition":"Australia","runs":8,"sixes":1,"strikeRate":100,"won":true},{"balls":21,"batPosition":"1","captained":false,"date":"21 Mar 2014","didNotBat":false,"dismissalBowlerHand":"right","dismissalType":"bowled","dismissedAgainst":"spin","firstBat":false,"fours":1,"ground":"Dhaka","match":37,"matchID":378,"minutes":"41","notOut":false,"opposition":"Pakistan","runs":24,"sixes":2,"strikeRate":114,"won":true},{"balls":55,"batPosition":"1","captained":false,"date":"23 Mar 2014","didNotBat":false,"dismissalBowlerHand":null,"dismissalType":"not out","dismissedAgainst":null,"firstBat":false,"fours":5,"ground":"Dhaka","match":38,"matchID":382,"minutes":"83","notOut":true,"opposition":"West Indies","runs":62,"sixes":2,"strikeRate":112,"won":true},{"balls":44,"batPosition":"1","captained":false,"date":"28 Mar 2014","didNotBat":false,"dismissalBowlerHand":"right","dismissalType":"caught","dismissedAgainst":"pace","firstBat":false,"fours":5,"ground":"Dhaka","match":39,"matchID":389,"minutes":"60","notOut":false,"opposition":"Bangladesh","runs":56,"sixes":1,"strikeRate":127,"won":true},{"balls":3,"batPosition":"1","captained":false,"date":"30 Mar 2014","didNotBat":false,"dismissalBowlerHand":"right","dismissalType":"caught","dismissedAgainst":"spin","firstBat":true,"fours":1,"ground":"Dhaka","match":40,"matchID":393,"minutes":"1","notOut":false,"opposition":"Australia","runs":5,"sixes":0,"strikeRate":166,"won":true},{"balls":13,"batPosition":"1","captained":false,"date":"4 Apr 2014","didNotBat":false,"dismissalBowlerHand":"left","dismissalType":"caught","dismissedAgainst":"pace","firstBat":false,"fours":4,"ground":"Dhaka","match":41,"matchID":399,"minutes":"17","notOut":false,"opposition":"South Africa","runs":24,"sixes":1,"strikeRate":184,"won":true},{"balls":26,"batPosition":"1","captained":false,"date":"6 Apr 2014","didNotBat":false,"dismissalBowlerHand":"left","dismissalType":"caught","dismissedAgainst":"spin","firstBat":true,"fours":3,"ground":"Dhaka","match":42,"matchID":400,"minutes":"41","notOut":false,"opposition":"Sri Lanka","runs":29,"sixes":0,"strikeRate":111,"won":false},{"balls":66,"batPosition":"1","captained":false,"date":"2 Oct 2015","didNotBat":false,"dismissalBowlerHand":"right","dismissalType":"caught","dismissedAgainst":"pace","firstBat":true,"fours":12,"ground":"Dharamsala","match":43,"matchID":456,"minutes":"79","notOut":false,"opposition":"South Africa","runs":106,"sixes":5,"strikeRate":160,"won":false},{"balls":24,"batPosition":"1","captained":false,"date":"5 Oct 2015","didNotBat":false,"dismissalBowlerHand":null,"dismissalType":"run out","dismissedAgainst":null,"firstBat":true,"fours":2,"ground":"Cuttack","match":44,"matchID":457,"minutes":"40","notOut":false,"opposition":"South Africa","runs":22,"sixes":0,"strikeRate":91,"won":false},{"balls":20,"batPosition":"1","captained":false,"date":"26 Jan 2016","didNotBat":false,"dismissalBowlerHand":"right","dismissalType":"caught","dismissedAgainst":"pace","firstBat":true,"fours":4,"ground":"Adelaide","match":45,"matchID":485,"minutes":"21","notOut":false,"opposition":"Australia","runs":31,"sixes":1,"strikeRate":155,"won":true},{"balls":47,"batPosition":"1","captained":false,"date":"29 Jan 2016","didNotBat":false,"dismissalBowlerHand":null,"dismissalType":"run out","dismissedAgainst":null,"firstBat":true,"fours":5,"ground":"Melbourne","match":46,"matchID":486,"minutes":"69","notOut":false,"opposition":"Australia","runs":60,"sixes":2,"strikeRate":127,"won":true},{"balls":38,"batPosition":"1","captained":false,"date":"31 Jan 2016","didNotBat":false,"dismissalBowlerHand":"right","dismissalType":"caught","dismissedAgainst":"spin","firstBat":false,"fours":5,"ground":"Sydney","match":47,"matchID":489,"minutes":"57","notOut":false,"opposition":"Australia","runs":52,"sixes":1,"strikeRate":136,"won":true},{"balls":2,"batPosition":"1","captained":false,"date":"9 Feb 2016","didNotBat":false,"dismissalBowlerHand":"right","dismissalType":"caught","dismissedAgainst":"pace","firstBat":true,"fours":0,"ground":"Pune","match":48,"matchID":496,"minutes":"2","notOut":false,"opposition":"Sri Lanka","runs":0,"sixes":0,"strikeRate":0,"won":false},{"balls":36,"batPosition":"1","captained":false,"date":"12 Feb 2016","didNotBat":false,"dismissalBowlerHand":"right","dismissalType":"caught","dismissedAgainst":"pace","firstBat":true,"fours":2,"ground":"Ranchi","match":49,"matchID":497,"minutes":0,"notOut":false,"opposition":"Sri Lanka","runs":43,"sixes":1,"strikeRate":119,"won":true},{"balls":13,"batPosition":"1","captained":false,"date":"14 Feb 2016","didNotBat":false,"dismissalBowlerHand":"right","dismissalType":"lbw","dismissedAgainst":"pace","firstBat":false,"fours":1,"ground":"Visakhapatnam","match":50,"matchID":499,"minutes":0,"notOut":false,"opposition":"Sri Lanka","runs":13,"sixes":1,"strikeRate":100,"won":true},{"balls":55,"batPosition":"1","captained":false,"date":"24 Feb 2016","didNotBat":false,"dismissalBowlerHand":"right","dismissalType":"caught","dismissedAgainst":"pace","firstBat":true,"fours":7,"ground":"Dhaka","match":51,"matchID":509,"minutes":"90","notOut":false,"opposition":"Bangladesh","runs":83,"sixes":3,"strikeRate":150,"won":true},{"balls":2,"batPosition":"1","captained":false,"date":"27 Feb 2016","didNotBat":false,"dismissalBowlerHand":"left","dismissalType":"lbw","dismissedAgainst":"pace","firstBat":false,"fours":0,"ground":"Dhaka","match":52,"matchID":512,"minutes":"2","notOut":false,"opposition":"Pakistan","runs":0,"sixes":0,"strikeRate":0,"won":true},{"balls":14,"batPosition":"2","captained":false,"date":"1 Mar 2016","didNotBat":false,"dismissalBowlerHand":"right","dismissalType":"caught","dismissedAgainst":"pace","firstBat":false,"fours":3,"ground":"Dhaka","match":53,"matchID":515,"minutes":"15","notOut":false,"opposition":"Sri Lanka","runs":15,"sixes":0,"strikeRate":107,"won":true},{"balls":28,"batPosition":"1","captained":false,"date":"3 Mar 2016","didNotBat":false,"dismissalBowlerHand":"right","dismissalType":"caught","dismissedAgainst":"pace","firstBat":false,"fours":7,"ground":"Dhaka","match":54,"matchID":517,"minutes":"26","notOut":false,"opposition":"U.A.E.","runs":39,"sixes":1,"strikeRate":139,"won":true},{"balls":5,"batPosition":"1","captained":false,"date":"6 Mar 2016","didNotBat":false,"dismissalBowlerHand":"right","dismissalType":"caught","dismissedAgainst":"pace","firstBat":false,"fours":0,"ground":"Dhaka","match":55,"matchID":521,"minutes":"8","notOut":false,"opposition":"Bangladesh","runs":1,"sixes":0,"strikeRate":20,"won":true},{"balls":7,"batPosition":"1","captained":false,"date":"15 Mar 2016","didNotBat":false,"dismissalBowlerHand":"left","dismissalType":"stumped","dismissedAgainst":"spin","firstBat":false,"fours":0,"ground":"Nagpur","match":56,"matchID":535,"minutes":0,"notOut":false,"opposition":"New Zealand","runs":5,"sixes":0,"strikeRate":71,"won":false},{"balls":11,"batPosition":"1","captained":false,"date":"19 Mar 2016","didNotBat":false,"dismissalBowlerHand":"left","dismissalType":"caught","dismissedAgainst":"pace","firstBat":false,"fours":2,"ground":"Kolkata","match":57,"matchID":541,"minutes":"11","notOut":false,"opposition":"Pakistan","runs":10,"sixes":0,"strikeRate":90,"won":true},{"balls":16,"batPosition":"1","captained":false,"date":"23 Mar 2016","didNotBat":false,"dismissalBowlerHand":"left","dismissalType":"caught","dismissedAgainst":"pace","firstBat":true,"fours":1,"ground":"Bengaluru","match":58,"matchID":547,"minutes":"29","notOut":false,"opposition":"Bangladesh","runs":18,"sixes":1,"strikeRate":112,"won":true},{"balls":17,"batPosition":"1","captained":false,"date":"27 Mar 2016","didNotBat":false,"dismissalBowlerHand":"right","dismissalType":"bowled","dismissedAgainst":"pace","firstBat":false,"fours":1,"ground":"Mohali","match":59,"matchID":553,"minutes":"25","notOut":false,"opposition":"Australia","runs":12,"sixes":0,"strikeRate":70,"won":true},{"balls":31,"batPosition":"1","captained":false,"date":"31 Mar 2016","didNotBat":false,"dismissalBowlerHand":"right","dismissalType":"lbw","dismissedAgainst":"spin","firstBat":true,"fours":3,"ground":"Mumbai","match":60,"matchID":556,"minutes":"29","notOut":false,"opposition":"West Indies","runs":43,"sixes":3,"strikeRate":138,"won":false},{"balls":28,"batPosition":"1","captained":false,"date":"27 Aug 2016","didNotBat":false,"dismissalBowlerHand":"right","dismissalType":"caught","dismissedAgainst":"pace","firstBat":false,"fours":4,"ground":"Lauderhill","match":61,"matchID":562,"minutes":"54","notOut":false,"opposition":"West Indies","runs":62,"sixes":4,"strikeRate":221,"won":false},{"balls":8,"batPosition":"1","captained":false,"date":"28 Aug 2016","didNotBat":false,"dismissalBowlerHand":null,"dismissalType":"not out","dismissedAgainst":null,"firstBat":false,"fours":0,"ground":"Lauderhill","match":62,"matchID":563,"minutes":"9","notOut":true,"opposition":"West Indies","runs":10,"sixes":1,"strikeRate":125,"won":false},{"balls":8,"batPosition":"1","captained":false,"date":"6 Sep 2017","didNotBat":false,"dismissalBowlerHand":"right","dismissalType":"caught","dismissedAgainst":"pace","firstBat":false,"fours":1,"ground":"Colombo (RPS)","match":63,"matchID":618,"minutes":0,"notOut":false,"opposition":"Sri Lanka","runs":9,"sixes":0,"strikeRate":112,"won":true},{"balls":7,"batPosition":"1","captained":false,"date":"7 Oct 2017","didNotBat":false,"dismissalBowlerHand":"right","dismissalType":"bowled","dismissedAgainst":"pace","firstBat":false,"fours":1,"ground":"Ranchi","match":64,"matchID":623,"minutes":"5","notOut":false,"opposition":"Australia","runs":11,"sixes":1,"strikeRate":157,"won":true},{"balls":4,"batPosition":"1","captained":false,"date":"10 Oct 2017","didNotBat":false,"dismissalBowlerHand":"left","dismissalType":"lbw","dismissedAgainst":"pace","firstBat":true,"fours":2,"ground":"Guwahati","match":65,"matchID":624,"minutes":"3","notOut":false,"opposition":"Australia","runs":8,"sixes":0,"strikeRate":200,"won":false},{"balls":55,"batPosition":"1","captained":false,"date":"1 Nov 2017","didNotBat":false,"dismissalBowlerHand":"left","dismissalType":"caught","dismissedAgainst":"pace","firstBat":true,"fours":6,"ground":"Delhi","match":66,"matchID":630,"minutes":"85","notOut":false,"opposition":"New Zealand","runs":80,"sixes":4,"strikeRate":145,"won":true},{"balls":6,"batPosition":"1","captained":false,"date":"4 Nov 2017","didNotBat":false,"dismissalBowlerHand":"left","dismissalType":"caught","dismissedAgainst":"pace","firstBat":false,"fours":1,"ground":"Rajkot","match":67,"matchID":631,"minutes":"9","notOut":false,"opposition":"New Zealand","runs":5,"sixes":0,"strikeRate":83,"won":false},{"balls":9,"batPosition":"1","captained":false,"date":"7 Nov 2017","didNotBat":false,"dismissalBowlerHand":"right","dismissalType":"caught","dismissedAgainst":"pace","firstBat":true,"fours":1,"ground":"Thiruvananthapuram","match":68,"matchID":632,"minutes":"11","notOut":false,"opposition":"New Zealand","runs":8,"sixes":0,"strikeRate":88,"won":true},{"balls":13,"batPosition":"1","captained":true,"date":"20 Dec 2017","didNotBat":false,"dismissalBowlerHand":"right","dismissalType":"caught","dismissedAgainst":"pace","firstBat":true,"fours":2,"ground":"Cuttack","match":69,"matchID":633,"minutes":"21","notOut":false,"opposition":"Sri Lanka","runs":17,"sixes":0,"strikeRate":130,"won":true},{"balls":43,"batPosition":"1","captained":true,"date":"22 Dec 2017","didNotBat":false,"dismissalBowlerHand":"right","dismissalType":"caught","dismissedAgainst":"pace","firstBat":true,"fours":12,"ground":"Indore","match":70,"matchID":634,"minutes":"61","notOut":false,"opposition":"Sri Lanka","runs":118,"sixes":10,"strikeRate":274,"won":true},{"balls":20,"batPosition":"1","captained":true,"date":"24 Dec 2017","didNotBat":false,"dismissalBowlerHand":"right","dismissalType":"caught","dismissedAgainst":"pace","firstBat":false,"fours":4,"ground":"Mumbai","match":71,"matchID":635,"minutes":"31","notOut":false,"opposition":"Sri Lanka","runs":27,"sixes":1,"strikeRate":135,"won":true},{"balls":9,"batPosition":"1","captained":false,"date":"18 Feb 2018","didNotBat":false,"dismissalBowlerHand":"right","dismissalType":"caught","dismissedAgainst":"pace","firstBat":true,"fours":2,"ground":"Johannesburg","match":72,"matchID":652,"minutes":"8","notOut":false,"opposition":"South Africa","runs":21,"sixes":2,"strikeRate":233,"won":true},{"balls":1,"batPosition":"2","captained":false,"date":"21 Feb 2018","didNotBat":false,"dismissalBowlerHand":"right","dismissalType":"lbw","dismissedAgainst":"pace","firstBat":true,"fours":0,"ground":"Centurion","match":73,"matchID":654,"minutes":"5","notOut":false,"opposition":"South Africa","runs":0,"sixes":0,"strikeRate":0,"won":false},{"balls":8,"batPosition":"1","captained":true,"date":"24 Feb 2018","didNotBat":false,"dismissalBowlerHand":"right","dismissalType":"lbw","dismissedAgainst":"pace","firstBat":true,"fours":2,"ground":"Cape Town","match":74,"matchID":655,"minutes":"9","notOut":false,"opposition":"South Africa","runs":11,"sixes":0,"strikeRate":137,"won":true},{"balls":4,"batPosition":"1","captained":true,"date":"6 Mar 2018","didNotBat":false,"dismissalBowlerHand":"right","dismissalType":"caught","dismissedAgainst":"pace","firstBat":true,"fours":0,"ground":"Colombo (RPS)","match":75,"matchID":656,"minutes":0,"notOut":false,"opposition":"Sri Lanka","runs":0,"sixes":0,"strikeRate":0,"won":false},{"balls":13,"batPosition":"1","captained":true,"date":"8 Mar 2018","didNotBat":false,"dismissalBowlerHand":"left","dismissalType":"bowled","dismissedAgainst":"pace","firstBat":false,"fours":3,"ground":"Colombo (RPS)","match":76,"matchID":657,"minutes":0,"notOut":false,"opposition":"Bangladesh","runs":17,"sixes":0,"strikeRate":130,"won":true},{"balls":7,"batPosition":"1","captained":true,"date":"12 Mar 2018","didNotBat":false,"dismissalBowlerHand":"right","dismissalType":"caught","dismissedAgainst":"spin","firstBat":false,"fours":1,"ground":"Colombo (RPS)","match":77,"matchID":659,"minutes":0,"notOut":false,"opposition":"Sri Lanka","runs":11,"sixes":1,"strikeRate":157,"won":true},{"balls":61,"batPosition":"1","captained":true,"date":"14 Mar 2018","didNotBat":false,"dismissalBowlerHand":null,"dismissalType":"run out","dismissedAgainst":null,"firstBat":true,"fours":5,"ground":"Colombo (RPS)","match":78,"matchID":660,"minutes":0,"notOut":false,"opposition":"Bangladesh","runs":89,"sixes":5,"strikeRate":145,"won":true},{"balls":42,"batPosition":"2","captained":true,"date":"18 Mar 2018","didNotBat":false,"dismissalBowlerHand":"left","dismissalType":"caught","dismissedAgainst":"spin","firstBat":false,"fours":4,"ground":"Colombo (RPS)","match":79,"matchID":662,"minutes":0,"notOut":false,"opposition":"Bangladesh","runs":56,"sixes":3,"strikeRate":133,"won":true},{"balls":61,"batPosition":"1","captained":false,"date":"27 Jun 2018","didNotBat":false,"dismissalBowlerHand":"right","dismissalType":"bowled","dismissedAgainst":"pace","firstBat":true,"fours":8,"ground":"Dublin (Malahide)","match":80,"matchID":678,"minutes":"87","notOut":false,"opposition":"Ireland","runs":97,"sixes":5,"strikeRate":159,"won":true},{"balls":2,"batPosition":"4","captained":false,"date":"29 Jun 2018","didNotBat":false,"dismissalBowlerHand":"right","dismissalType":"caught","dismissedAgainst":"pace","firstBat":true,"fours":0,"ground":"Dublin (Malahide)","match":81,"matchID":680,"minutes":0,"notOut":false,"opposition":"Ireland","runs":0,"sixes":0,"strikeRate":0,"won":true},{"balls":30,"batPosition":"2","captained":false,"date":"3 Jul 2018","didNotBat":false,"dismissalBowlerHand":"right","dismissalType":"caught","dismissedAgainst":"spin","firstBat":false,"fours":3,"ground":"Manchester","match":82,"matchID":684,"minutes":0,"notOut":false,"opposition":"England","runs":32,"sixes":1,"strikeRate":106,"won":true},{"balls":9,"batPosition":"1","captained":false,"date":"6 Jul 2018","didNotBat":false,"dismissalBowlerHand":"right","dismissalType":"caught","dismissedAgainst":"pace","firstBat":true,"fours":1,"ground":"Cardiff","match":83,"matchID":688,"minutes":0,"notOut":false,"opposition":"England","runs":5,"sixes":0,"strikeRate":55,"won":false},{"balls":56,"batPosition":"1","captained":false,"date":"8 Jul 2018","didNotBat":false,"dismissalBowlerHand":null,"dismissalType":"not out","dismissedAgainst":null,"firstBat":false,"fours":11,"ground":"Bristol","match":84,"matchID":690,"minutes":0,"notOut":true,"opposition":"England","runs":100,"sixes":5,"strikeRate":178,"won":true},{"balls":6,"batPosition":"1","captained":true,"date":"4 Nov 2018","didNotBat":false,"dismissalBowlerHand":"right","dismissalType":"caught","dismissedAgainst":"pace","firstBat":false,"fours":1,"ground":"Kolkata","match":85,"matchID":707,"minutes":0,"notOut":false,"opposition":"West Indies","runs":6,"sixes":0,"strikeRate":100,"won":true},{"balls":61,"batPosition":"1","captained":true,"date":"6 Nov 2018","didNotBat":false,"dismissalBowlerHand":null,"dismissalType":"not out","dismissedAgainst":null,"firstBat":true,"fours":8,"ground":"Lucknow","match":86,"matchID":709,"minutes":"95","notOut":true,"opposition":"West Indies","runs":111,"sixes":7,"strikeRate":181,"won":true},{"balls":6,"batPosition":"2","captained":true,"date":"11 Nov 2018","didNotBat":false,"dismissalBowlerHand":"right","dismissalType":"caught","dismissedAgainst":"pace","firstBat":false,"fours":1,"ground":"Chennai","match":87,"matchID":710,"minutes":0,"notOut":false,"opposition":"West Indies","runs":4,"sixes":0,"strikeRate":66,"won":true},{"balls":8,"batPosition":"1","captained":false,"date":"21 Nov 2018","didNotBat":false,"dismissalBowlerHand":"left","dismissalType":"caught","dismissedAgainst":"pace","firstBat":false,"fours":0,"ground":"Brisbane","match":88,"matchID":712,"minutes":0,"notOut":false,"opposition":"Australia","runs":7,"sixes":0,"strikeRate":87,"won":false},{"balls":0,"batPosition":"-","captained":false,"date":"23 Nov 2018","didNotBat":true,"dismissalBowlerHand":null,"dismissalType":"-","dismissedAgainst":null,"firstBat":false,"fours":0,"ground":"Melbourne","match":89,"matchID":713,"minutes":0,"notOut":true,"opposition":"Australia","runs":0,"sixes":0,"strikeRate":0,"won":false},{"balls":16,"batPosition":"1","captained":false,"date":"25 Nov 2018","didNotBat":false,"dismissalBowlerHand":"right","dismissalType":"bowled","dismissedAgainst":"spin","firstBat":false,"fours":1,"ground":"Sydney","match":90,"matchID":714,"minutes":0,"notOut":false,"opposition":"Australia","runs":23,"sixes":2,"strikeRate":143,"won":true},{"balls":5,"batPosition":"1","captained":true,"date":"6 Feb 2019","didNotBat":false,"dismissalBowlerHand":"right","dismissalType":"caught","dismissedAgainst":"pace","firstBat":false,"fours":0,"ground":"Wellington","match":91,"matchID":735,"minutes":"10","notOut":false,"opposition":"New Zealand","runs":1,"sixes":0,"strikeRate":20,"won":false},{"balls":29,"batPosition":"1","captained":true,"date":"8 Feb 2019","didNotBat":false,"dismissalBowlerHand":"right","dismissalType":"caught","dismissedAgainst":"spin","firstBat":false,"fours":3,"ground":"Auckland","match":92,"matchID":737,"minutes":"40","notOut":false,"opposition":"New Zealand","runs":50,"sixes":4,"strikeRate":172,"won":true},{"balls":32,"batPosition":"2","captained":true,"date":"10 Feb 2019","didNotBat":false,"dismissalBowlerHand":"right","dismissalType":"caught","dismissedAgainst":"pace","firstBat":false,"fours":3,"ground":"Hamilton","match":93,"matchID":738,"minutes":"63","notOut":false,"opposition":"New Zealand","runs":38,"sixes":0,"strikeRate":118,"won":false},{"balls":8,"batPosition":"1","captained":false,"date":"24 Feb 2019","didNotBat":false,"dismissalBowlerHand":"left","dismissalType":"caught","dismissedAgainst":"pace","firstBat":true,"fours":0,"ground":"Visakhapatnam","match":94,"matchID":748,"minutes":"11","notOut":false,"opposition":"Australia","runs":5,"sixes":0,"strikeRate":62,"won":false}]
