[{"balls":11,"batPosition":"2","captained":false,"date":"4 Jun 2011","didNotBat":false,"dismissalBowlerHand":"right","dismissalType":"caught","dismissedAgainst":"pace","firstBat":true,"fours":0,"ground":"Port of Spain","match":1,"matchID":200,"minutes":"13","notOut":false,"opposition":"West Indies","runs":5,"sixes":0,"strikeRate":45,"won":true},{"balls":19,"batPosition":"2","captained":false,"date":"10 Oct 2013","didNotBat":false,"dismissalBowlerHand":"left","dismissalType":"stumped","dismissedAgainst":"spin","firstBat":false,"fours":5,"ground":"Rajkot","match":2,"matchID":331,"minutes":"40","notOut":false,"opposition":"Australia","runs":32,"sixes":0,"strikeRate":168,"won":true},{"balls":28,"batPosition":"2","captained":false,"date":"21 Mar 2014","didNotBat":false,"dismissalBowlerHand":"right","dismissalType":"caught","dismissedAgainst":"pace","firstBat":false,"fours":5,"ground":"Dhaka","match":3,"matchID":378,"minutes":"35","notOut":false,"opposition":"Pakistan","runs":30,"sixes":0,"strikeRate":107,"won":true},{"balls":3,"batPosition":"2","captained":false,"date":"23 Mar 2014","didNotBat":false,"dismissalBowlerHand":"right","dismissalType":"lbw","dismissedAgainst":"spin","firstBat":false,"fours":0,"ground":"Dhaka","match":4,"matchID":382,"minutes":"10","notOut":false,"opposition":"West Indies","runs":0,"sixes":0,"strikeRate":0,"won":true},{"balls":6,"batPosition":"2","captained":false,"date":"28 Mar 2014","didNotBat":false,"dismissalBowlerHand":"right","dismissalType":"bowled","dismissedAgainst":"pace","firstBat":false,"fours":0,"ground":"Dhaka","match":5,"matchID":389,"minutes":"11","notOut":false,"opposition":"Bangladesh","runs":1,"sixes":0,"strikeRate":16,"won":true},{"balls":28,"batPosition":"2","captained":false,"date":"7 Sep 2014","didNotBat":false,"dismissalBowlerHand":"right","dismissalType":"bowled","dismissedAgainst":"pace","firstBat":false,"fours":2,"ground":"Birmingham","match":6,"matchID":405,"minutes":"40","notOut":false,"opposition":"England","runs":33,"sixes":2,"strikeRate":117,"won":false},{"balls":4,"batPosition":"2","captained":false,"date":"2 Oct 2015","didNotBat":false,"dismissalBowlerHand":null,"dismissalType":"run out","dismissedAgainst":null,"firstBat":true,"fours":0,"ground":"Dharamsala","match":7,"matchID":456,"minutes":"16","notOut":false,"opposition":"South Africa","runs":3,"sixes":0,"strikeRate":75,"won":false},{"balls":12,"batPosition":"2","captained":false,"date":"5 Oct 2015","didNotBat":false,"dismissalBowlerHand":"right","dismissalType":"lbw","dismissedAgainst":"pace","firstBat":true,"fours":2,"ground":"Cuttack","match":8,"matchID":457,"minutes":"19","notOut":false,"opposition":"South Africa","runs":11,"sixes":0,"strikeRate":91,"won":false},{"balls":8,"batPosition":"2","captained":false,"date":"26 Jan 2016","didNotBat":false,"dismissalBowlerHand":"right","dismissalType":"caught","dismissedAgainst":"pace","firstBat":true,"fours":0,"ground":"Adelaide","match":9,"matchID":485,"minutes":"24","notOut":false,"opposition":"Australia","runs":5,"sixes":0,"strikeRate":62,"won":true},{"balls":32,"batPosition":"2","captained":false,"date":"29 Jan 2016","didNotBat":false,"dismissalBowlerHand":"right","dismissalType":"caught","dismissedAgainst":"spin","firstBat":true,"fours":3,"ground":"Melbourne","match":10,"matchID":486,"minutes":"46","notOut":false,"opposition":"Australia","runs":42,"sixes":2,"strikeRate":131,"won":true},{"balls":9,"batPosition":"2","captained":false,"date":"31 Jan 2016","didNotBat":false,"dismissalBowlerHand":"right","dismissalType":"caught","dismissedAgainst":"pace","firstBat":false,"fours":4,"ground":"Sydney","match":11,"matchID":489,"minutes":"18","notOut":false,"opposition":"Australia","runs":26,"sixes":1,"strikeRate":288,"won":true},{"balls":13,"batPosition":"2","captained":false,"date":"9 Feb 2016","didNotBat":false,"dismissalBowlerHand":"right","dismissalType":"caught","dismissedAgainst":"pace","firstBat":true,"fours":0,"ground":"Pune","match":12,"matchID":496,"minutes":"25","notOut":false,"opposition":"Sri Lanka","runs":9,"sixes":1,"strikeRate":69,"won":false},{"balls":25,"batPosition":"2","captained":false,"date":"12 Feb 2016","didNotBat":false,"dismissalBowlerHand":"right","dismissalType":"caught","dismissedAgainst":"pace","firstBat":true,"fours":7,"ground":"Ranchi","match":13,"matchID":497,"minutes":0,"notOut":false,"opposition":"Sri Lanka","runs":51,"sixes":2,"strikeRate":204,"won":true},{"balls":46,"batPosition":"2","captained":false,"date":"14 Feb 2016","didNotBat":false,"dismissalBowlerHand":null,"dismissalType":"not out","dismissedAgainst":null,"firstBat":false,"fours":5,"ground":"Visakhapatnam","match":14,"matchID":499,"minutes":0,"notOut":true,"opposition":"Sri Lanka","runs":46,"sixes":1,"strikeRate":100,"won":true},{"balls":4,"batPosition":"2","captained":false,"date":"24 Feb 2016","didNotBat":false,"dismissalBowlerHand":"right","dismissalType":"bowled","dismissedAgainst":"pace","firstBat":true,"fours":0,"ground":"Dhaka","match":15,"matchID":509,"minutes":"6","notOut":false,"opposition":"Bangladesh","runs":2,"sixes":0,"strikeRate":50,"won":true},{"balls":3,"batPosition":"1","captained":false,"date":"1 Mar 2016","didNotBat":false,"dismissalBowlerHand":"right","dismissalType":"caught","dismissedAgainst":"pace","firstBat":false,"fours":0,"ground":"Dhaka","match":16,"matchID":515,"minutes":"9","notOut":false,"opposition":"Sri Lanka","runs":1,"sixes":0,"strikeRate":33,"won":true},{"balls":20,"batPosition":"2","captained":false,"date":"3 Mar 2016","didNotBat":false,"dismissalBowlerHand":null,"dismissalType":"not out","dismissedAgainst":null,"firstBat":false,"fours":3,"ground":"Dhaka","match":17,"matchID":517,"minutes":"46","notOut":true,"opposition":"U.A.E.","runs":16,"sixes":0,"strikeRate":80,"won":true},{"balls":44,"batPosition":"2","captained":false,"date":"6 Mar 2016","didNotBat":false,"dismissalBowlerHand":"right","dismissalType":"caught","dismissedAgainst":"pace","firstBat":false,"fours":9,"ground":"Dhaka","match":18,"matchID":521,"minutes":"63","notOut":false,"opposition":"Bangladesh","runs":60,"sixes":1,"strikeRate":136,"won":true},{"balls":3,"batPosition":"2","captained":false,"date":"15 Mar 2016","didNotBat":false,"dismissalBowlerHand":"right","dismissalType":"lbw","dismissedAgainst":"spin","firstBat":false,"fours":0,"ground":"Nagpur","match":19,"matchID":535,"minutes":0,"notOut":false,"opposition":"New Zealand","runs":1,"sixes":0,"strikeRate":33,"won":false},{"balls":15,"batPosition":"2","captained":false,"date":"19 Mar 2016","didNotBat":false,"dismissalBowlerHand":"right","dismissalType":"bowled","dismissedAgainst":"pace","firstBat":false,"fours":1,"ground":"Kolkata","match":20,"matchID":541,"minutes":"24","notOut":false,"opposition":"Pakistan","runs":6,"sixes":0,"strikeRate":40,"won":true},{"balls":22,"batPosition":"2","captained":false,"date":"23 Mar 2016","didNotBat":false,"dismissalBowlerHand":"left","dismissalType":"lbw","dismissedAgainst":"spin","firstBat":true,"fours":2,"ground":"Bengaluru","match":21,"matchID":547,"minutes":"33","notOut":false,"opposition":"Bangladesh","runs":23,"sixes":1,"strikeRate":104,"won":true},{"balls":12,"batPosition":"2","captained":false,"date":"27 Mar 2016","didNotBat":false,"dismissalBowlerHand":"right","dismissalType":"caught","dismissedAgainst":"pace","firstBat":false,"fours":1,"ground":"Mohali","match":22,"matchID":553,"minutes":"16","notOut":false,"opposition":"Australia","runs":13,"sixes":1,"strikeRate":108,"won":true},{"balls":12,"batPosition":"2","captained":false,"date":"9 Jul 2017","didNotBat":false,"dismissalBowlerHand":null,"dismissalType":"run out","dismissedAgainst":null,"firstBat":true,"fours":5,"ground":"Kingston","match":23,"matchID":617,"minutes":0,"notOut":false,"opposition":"West Indies","runs":23,"sixes":0,"strikeRate":191,"won":false},{"balls":12,"batPosition":"2","captained":false,"date":"7 Oct 2017","didNotBat":false,"dismissalBowlerHand":null,"dismissalType":"not out","dismissedAgainst":null,"firstBat":false,"fours":3,"ground":"Ranchi","match":24,"matchID":623,"minutes":"25","notOut":true,"opposition":"Australia","runs":15,"sixes":0,"strikeRate":125,"won":true},{"balls":6,"batPosition":"2","captained":false,"date":"10 Oct 2017","didNotBat":false,"dismissalBowlerHand":"left","dismissalType":"caught","dismissedAgainst":"pace","firstBat":true,"fours":0,"ground":"Guwahati","match":25,"matchID":624,"minutes":"25","notOut":false,"opposition":"Australia","runs":2,"sixes":0,"strikeRate":33,"won":false},{"balls":52,"batPosition":"2","captained":false,"date":"1 Nov 2017","didNotBat":false,"dismissalBowlerHand":"right","dismissalType":"caught","dismissedAgainst":"spin","firstBat":true,"fours":10,"ground":"Delhi","match":26,"matchID":630,"minutes":"68","notOut":false,"opposition":"New Zealand","runs":80,"sixes":2,"strikeRate":153,"won":true},{"balls":4,"batPosition":"2","captained":false,"date":"4 Nov 2017","didNotBat":false,"dismissalBowlerHand":"left","dismissalType":"bowled","dismissedAgainst":"pace","firstBat":false,"fours":0,"ground":"Rajkot","match":27,"matchID":631,"minutes":"6","notOut":false,"opposition":"New Zealand","runs":1,"sixes":0,"strikeRate":25,"won":false},{"balls":6,"batPosition":"2","captained":false,"date":"7 Nov 2017","didNotBat":false,"dismissalBowlerHand":"right","dismissalType":"caught","dismissedAgainst":"pace","firstBat":true,"fours":1,"ground":"Thiruvananthapuram","match":28,"matchID":632,"minutes":"9","notOut":false,"opposition":"New Zealand","runs":6,"sixes":0,"strikeRate":100,"won":true},{"balls":39,"batPosition":"2","captained":false,"date":"18 Feb 2018","didNotBat":false,"dismissalBowlerHand":"right","dismissalType":"caught","dismissedAgainst":"pace","firstBat":true,"fours":10,"ground":"Johannesburg","match":29,"matchID":652,"minutes":"69","notOut":false,"opposition":"South Africa","runs":72,"sixes":2,"strikeRate":184,"won":true},{"balls":14,"batPosition":"1","captained":false,"date":"21 Feb 2018","didNotBat":false,"dismissalBowlerHand":"right","dismissalType":"caught","dismissedAgainst":"spin","firstBat":true,"fours":3,"ground":"Centurion","match":30,"matchID":654,"minutes":"21","notOut":false,"opposition":"South Africa","runs":24,"sixes":2,"strikeRate":171,"won":false},{"balls":40,"batPosition":"2","captained":false,"date":"24 Feb 2018","didNotBat":false,"dismissalBowlerHand":null,"dismissalType":"run out","dismissedAgainst":null,"firstBat":true,"fours":3,"ground":"Cape Town","match":31,"matchID":655,"minutes":"69","notOut":false,"opposition":"South Africa","runs":47,"sixes":0,"strikeRate":117,"won":true},{"balls":49,"batPosition":"2","captained":false,"date":"6 Mar 2018","didNotBat":false,"dismissalBowlerHand":"right","dismissalType":"caught","dismissedAgainst":"spin","firstBat":true,"fours":6,"ground":"Colombo (RPS)","match":32,"matchID":656,"minutes":0,"notOut":false,"opposition":"Sri Lanka","runs":90,"sixes":6,"strikeRate":183,"won":false},{"balls":43,"batPosition":"2","captained":false,"date":"8 Mar 2018","didNotBat":false,"dismissalBowlerHand":"right","dismissalType":"caught","dismissedAgainst":"pace","firstBat":false,"fours":5,"ground":"Colombo (RPS)","match":33,"matchID":657,"minutes":0,"notOut":false,"opposition":"Bangladesh","runs":55,"sixes":2,"strikeRate":127,"won":true},{"balls":10,"batPosition":"2","captained":false,"date":"12 Mar 2018","didNotBat":false,"dismissalBowlerHand":"right","dismissalType":"caught","dismissedAgainst":"spin","firstBat":false,"fours":1,"ground":"Colombo (RPS)","match":34,"matchID":659,"minutes":0,"notOut":false,"opposition":"Sri Lanka","runs":8,"sixes":0,"strikeRate":80,"won":true},{"balls":27,"batPosition":"2","captained":false,"date":"14 Mar 2018","didNotBat":false,"dismissalBowlerHand":"right","dismissalType":"bowled","dismissedAgainst":"pace","firstBat":true,"fours":5,"ground":"Colombo (RPS)","match":35,"matchID":660,"minutes":0,"notOut":false,"opposition":"Bangladesh","runs":35,"sixes":1,"strikeRate":129,"won":true},{"balls":7,"batPosition":"1","captained":false,"date":"18 Mar 2018","didNotBat":false,"dismissalBowlerHand":"left","dismissalType":"caught","dismissedAgainst":"spin","firstBat":false,"fours":0,"ground":"Colombo (RPS)","match":36,"matchID":662,"minutes":0,"notOut":false,"opposition":"Bangladesh","runs":10,"sixes":1,"strikeRate":142,"won":true},{"balls":45,"batPosition":"2","captained":false,"date":"27 Jun 2018","didNotBat":false,"dismissalBowlerHand":"right","dismissalType":"caught","dismissedAgainst":"pace","firstBat":true,"fours":5,"ground":"Dublin (Malahide)","match":37,"matchID":678,"minutes":"65","notOut":false,"opposition":"Ireland","runs":74,"sixes":5,"strikeRate":164,"won":true},{"balls":4,"batPosition":"1","captained":false,"date":"3 Jul 2018","didNotBat":false,"dismissalBowlerHand":"left","dismissalType":"bowled","dismissedAgainst":"pace","firstBat":false,"fours":1,"ground":"Manchester","match":38,"matchID":684,"minutes":0,"notOut":false,"opposition":"England","runs":4,"sixes":0,"strikeRate":100,"won":true},{"balls":12,"batPosition":"2","captained":false,"date":"6 Jul 2018","didNotBat":false,"dismissalBowlerHand":null,"dismissalType":"run out","dismissedAgainst":null,"firstBat":true,"fours":1,"ground":"Cardiff","match":39,"matchID":688,"minutes":0,"notOut":false,"opposition":"England","runs":10,"sixes":0,"strikeRate":83,"won":false},{"balls":3,"batPosition":"2","captained":false,"date":"8 Jul 2018","didNotBat":false,"dismissalBowlerHand":"left","dismissalType":"caught","dismissedAgainst":"pace","firstBat":false,"fours":1,"ground":"Bristol","match":40,"matchID":690,"minutes":0,"notOut":false,"opposition":"England","runs":5,"sixes":0,"strikeRate":166,"won":true},{"balls":8,"batPosition":"2","captained":false,"date":"4 Nov 2018","didNotBat":false,"dismissalBowlerHand":"right","dismissalType":"bowled","dismissedAgainst":"pace","firstBat":false,"fours":0,"ground":"Kolkata","match":41,"matchID":707,"minutes":0,"notOut":false,"opposition":"West Indies","runs":3,"sixes":0,"strikeRate":37,"won":true},{"balls":41,"batPosition":"2","captained":false,"date":"6 Nov 2018","didNotBat":false,"dismissalBowlerHand":"left","dismissalType":"caught","dismissedAgainst":"spin","firstBat":true,"fours":3,"ground":"Lucknow","match":42,"matchID":709,"minutes":"67","notOut":false,"opposition":"West Indies","runs":43,"sixes":0,"strikeRate":104,"won":true},{"balls":62,"batPosition":"1","captained":false,"date":"11 Nov 2018","didNotBat":false,"dismissalBowlerHand":"left","dismissalType":"caught","dismissedAgainst":"spin","firstBat":false,"fours":10,"ground":"Chennai","match":43,"matchID":710,"minutes":0,"notOut":false,"opposition":"West Indies","runs":92,"sixes":2,"strikeRate":148,"won":true},{"balls":42,"batPosition":"2","captained":false,"date":"21 Nov 2018","didNotBat":false,"dismissalBowlerHand":"right","dismissalType":"caught","dismissedAgainst":"pace","firstBat":false,"fours":10,"ground":"Brisbane","match":44,"matchID":712,"minutes":0,"notOut":false,"opposition":"Australia","runs":76,"sixes":2,"strikeRate":180,"won":false},{"balls":0,"batPosition":"-","captained":false,"date":"23 Nov 2018","didNotBat":true,"dismissalBowlerHand":null,"dismissalType":"-","dismissedAgainst":null,"firstBat":false,"fours":0,"ground":"Melbourne","match":45,"matchID":713,"minutes":0,"notOut":true,"opposition":"Australia","runs":0,"sixes":0,"strikeRate":0,"won":false},{"balls":22,"batPosition":"2","captained":false,"date":"25 Nov 2018","didNotBat":false,"dismissalBowlerHand":"left","dismissalType":"lbw","dismissedAgainst":"pace","firstBat":false,"fours":6,"ground":"Sydney","match":46,"matchID":714,"minutes":0,"notOut":false,"opposition":"Australia","runs":41,"sixes":2,"strikeRate":186,"won":true},{"balls":18,"batPosition":"2","captained":false,"date":"6 Feb 2019","didNotBat":false,"dismissalBowlerHand":"right","dismissalType":"bowled","dismissedAgainst":"pace","firstBat":false,"fours":2,"ground":"Wellington","match":47,"matchID":735,"minutes":"26","notOut":false,"opposition":"New Zealand","runs":29,"sixes":3,"strikeRate":161,"won":false},{"balls":31,"batPosition":"2","captained":false,"date":"8 Feb 2019","didNotBat":false,"dismissalBowlerHand":"right","dismissalType":"caught","dismissedAgainst":"pace","firstBat":false,"fours":2,"ground":"Auckland","match":48,"matchID":737,"minutes":"51","notOut":false,"opposition":"New Zealand","runs":30,"sixes":0,"strikeRate":96,"won":true},{"balls":4,"batPosition":"1","captained":false,"date":"10 Feb 2019","didNotBat":false,"dismissalBowlerHand":"left","dismissalType":"caught","dismissedAgainst":"spin","firstBat":false,"fours":1,"ground":"Hamilton","match":49,"matchID":738,"minutes":"2","notOut":false,"opposition":"New Zealand","runs":5,"sixes":0,"strikeRate":125,"won":false},{"balls":24,"batPosition":"2","captained":false,"date":"27 Feb 2019","didNotBat":false,"dismissalBowlerHand":"left","dismissalType":"caught","dismissedAgainst":"pace","firstBat":true,"fours":1,"ground":"Bengaluru","match":50,"matchID":749,"minutes":"48","notOut":false,"opposition":"Australia","runs":14,"sixes":0,"strikeRate":58,"won":false}]
