[{"balls":21,"batPosition":"5","captained":false,"date":"12 Jun 2010","didNotBat":false,"dismissalBowlerHand":null,"dismissalType":"not out","dismissedAgainst":null,"firstBat":false,"fours":3,"ground":"Harare","match":1,"matchID":182,"minutes":"30","notOut":true,"opposition":"Zimbabwe","runs":26,"sixes":1,"strikeRate":123,"won":true},{"balls":0,"batPosition":"-","captained":false,"date":"13 Jun 2010","didNotBat":true,"dismissalBowlerHand":null,"dismissalType":"-","dismissedAgainst":null,"firstBat":false,"fours":0,"ground":"Harare","match":2,"matchID":183,"minutes":0,"notOut":true,"opposition":"Zimbabwe","runs":0,"sixes":0,"strikeRate":0,"won":true},{"balls":19,"batPosition":"1","captained":false,"date":"9 Jan 2011","didNotBat":false,"dismissalBowlerHand":"right","dismissalType":"bowled","dismissedAgainst":"spin","firstBat":true,"fours":5,"ground":"Durban","match":3,"matchID":196,"minutes":"28","notOut":false,"opposition":"South Africa","runs":28,"sixes":0,"strikeRate":147,"won":true},{"balls":12,"batPosition":"3","captained":false,"date":"4 Jun 2011","didNotBat":false,"dismissalBowlerHand":"right","dismissalType":"caught","dismissedAgainst":"pace","firstBat":true,"fours":2,"ground":"Port of Spain","match":4,"matchID":200,"minutes":"15","notOut":false,"opposition":"West Indies","runs":14,"sixes":0,"strikeRate":116,"won":true},{"balls":5,"batPosition":"4","captained":false,"date":"31 Aug 2011","didNotBat":false,"dismissalBowlerHand":"right","dismissalType":"caught","dismissedAgainst":"pace","firstBat":true,"fours":0,"ground":"Manchester","match":5,"matchID":204,"minutes":"5","notOut":false,"opposition":"England","runs":4,"sixes":0,"strikeRate":80,"won":false},{"balls":16,"batPosition":"3","captained":false,"date":"29 Oct 2011","didNotBat":false,"dismissalBowlerHand":"right","dismissalType":"caught","dismissedAgainst":"pace","firstBat":true,"fours":3,"ground":"Kolkata","match":6,"matchID":214,"minutes":"21","notOut":false,"opposition":"England","runs":15,"sixes":0,"strikeRate":93,"won":false},{"balls":21,"batPosition":"3","captained":false,"date":"1 Feb 2012","didNotBat":false,"dismissalBowlerHand":"left","dismissalType":"caught","dismissedAgainst":"spin","firstBat":false,"fours":0,"ground":"Sydney","match":7,"matchID":217,"minutes":"30","notOut":false,"opposition":"Australia","runs":22,"sixes":1,"strikeRate":104,"won":false},{"balls":24,"batPosition":"3","captained":false,"date":"3 Feb 2012","didNotBat":false,"dismissalBowlerHand":"right","dismissalType":"caught","dismissedAgainst":"pace","firstBat":false,"fours":3,"ground":"Melbourne","match":8,"matchID":218,"minutes":"29","notOut":false,"opposition":"Australia","runs":31,"sixes":0,"strikeRate":129,"won":true},{"balls":0,"batPosition":"-","captained":false,"date":"30 Mar 2012","didNotBat":true,"dismissalBowlerHand":null,"dismissalType":"-","dismissedAgainst":null,"firstBat":false,"fours":0,"ground":"Johannesburg","match":9,"matchID":242,"minutes":0,"notOut":true,"opposition":"South Africa","runs":0,"sixes":0,"strikeRate":0,"won":false},{"balls":48,"batPosition":"3","captained":false,"date":"7 Aug 2012","didNotBat":false,"dismissalBowlerHand":"right","dismissalType":"caught","dismissedAgainst":"pace","firstBat":true,"fours":11,"ground":"Pallekele","match":10,"matchID":255,"minutes":"65","notOut":false,"opposition":"Sri Lanka","runs":68,"sixes":1,"strikeRate":141,"won":true},{"balls":41,"batPosition":"2","captained":false,"date":"11 Sep 2012","didNotBat":false,"dismissalBowlerHand":"left","dismissalType":"caught","dismissedAgainst":"pace","firstBat":false,"fours":10,"ground":"Chennai","match":11,"matchID":261,"minutes":"67","notOut":false,"opposition":"New Zealand","runs":70,"sixes":1,"strikeRate":170,"won":false},{"balls":39,"batPosition":"3","captained":false,"date":"19 Sep 2012","didNotBat":false,"dismissalBowlerHand":"right","dismissalType":"caught","dismissedAgainst":"pace","firstBat":true,"fours":4,"ground":"Colombo (RPS)","match":12,"matchID":265,"minutes":"60","notOut":false,"opposition":"Afghanistan","runs":50,"sixes":2,"strikeRate":128,"won":true},{"balls":32,"batPosition":"3","captained":false,"date":"23 Sep 2012","didNotBat":false,"dismissalBowlerHand":"right","dismissalType":"caught","dismissedAgainst":"spin","firstBat":true,"fours":6,"ground":"Colombo (RPS)","match":13,"matchID":272,"minutes":"33","notOut":false,"opposition":"England","runs":40,"sixes":0,"strikeRate":125,"won":true},{"balls":13,"batPosition":"3","captained":false,"date":"28 Sep 2012","didNotBat":false,"dismissalBowlerHand":"right","dismissalType":"caught","dismissedAgainst":"pace","firstBat":true,"fours":2,"ground":"Colombo (RPS)","match":14,"matchID":278,"minutes":"18","notOut":false,"opposition":"Australia","runs":15,"sixes":0,"strikeRate":115,"won":false},{"balls":61,"batPosition":"3","captained":false,"date":"30 Sep 2012","didNotBat":false,"dismissalBowlerHand":null,"dismissalType":"not out","dismissedAgainst":null,"firstBat":false,"fours":8,"ground":"Colombo (RPS)","match":15,"matchID":282,"minutes":"61","notOut":true,"opposition":"Pakistan","runs":78,"sixes":2,"strikeRate":127,"won":true},{"balls":6,"batPosition":"3","captained":false,"date":"2 Oct 2012","didNotBat":false,"dismissalBowlerHand":"right","dismissalType":"caught","dismissedAgainst":"pace","firstBat":true,"fours":0,"ground":"Colombo (RPS)","match":16,"matchID":286,"minutes":"5","notOut":false,"opposition":"South Africa","runs":2,"sixes":0,"strikeRate":33,"won":true},{"balls":17,"batPosition":"3","captained":false,"date":"20 Dec 2012","didNotBat":false,"dismissalBowlerHand":"right","dismissalType":"bowled","dismissedAgainst":"pace","firstBat":false,"fours":2,"ground":"Pune","match":17,"matchID":292,"minutes":"35","notOut":false,"opposition":"England","runs":21,"sixes":0,"strikeRate":123,"won":true},{"balls":20,"batPosition":"3","captained":false,"date":"22 Dec 2012","didNotBat":false,"dismissalBowlerHand":"right","dismissalType":"lbw","dismissedAgainst":"pace","firstBat":true,"fours":7,"ground":"Mumbai","match":18,"matchID":294,"minutes":"25","notOut":false,"opposition":"England","runs":38,"sixes":0,"strikeRate":190,"won":false},{"balls":11,"batPosition":"3","captained":false,"date":"25 Dec 2012","didNotBat":false,"dismissalBowlerHand":"left","dismissalType":"caught","dismissedAgainst":"pace","firstBat":true,"fours":1,"ground":"Bengaluru","match":19,"matchID":296,"minutes":"15","notOut":false,"opposition":"Pakistan","runs":9,"sixes":0,"strikeRate":81,"won":false},{"balls":22,"batPosition":"3","captained":false,"date":"28 Dec 2012","didNotBat":false,"dismissalBowlerHand":null,"dismissalType":"run out","dismissedAgainst":null,"firstBat":true,"fours":3,"ground":"Ahmedabad","match":20,"matchID":298,"minutes":"31","notOut":false,"opposition":"Pakistan","runs":27,"sixes":0,"strikeRate":122,"won":true},{"balls":22,"batPosition":"4","captained":false,"date":"10 Oct 2013","didNotBat":false,"dismissalBowlerHand":"right","dismissalType":"caught","dismissedAgainst":"pace","firstBat":false,"fours":2,"ground":"Rajkot","match":21,"matchID":331,"minutes":"26","notOut":false,"opposition":"Australia","runs":29,"sixes":1,"strikeRate":131,"won":true},{"balls":32,"batPosition":"3","captained":false,"date":"21 Mar 2014","didNotBat":false,"dismissalBowlerHand":null,"dismissalType":"not out","dismissedAgainst":null,"firstBat":false,"fours":4,"ground":"Dhaka","match":22,"matchID":378,"minutes":"45","notOut":true,"opposition":"Pakistan","runs":36,"sixes":1,"strikeRate":112,"won":true},{"balls":41,"batPosition":"3","captained":false,"date":"23 Mar 2014","didNotBat":false,"dismissalBowlerHand":"right","dismissalType":"bowled","dismissedAgainst":"pace","firstBat":false,"fours":5,"ground":"Dhaka","match":23,"matchID":382,"minutes":"51","notOut":false,"opposition":"West Indies","runs":54,"sixes":1,"strikeRate":131,"won":true},{"balls":50,"batPosition":"3","captained":false,"date":"28 Mar 2014","didNotBat":false,"dismissalBowlerHand":null,"dismissalType":"not out","dismissedAgainst":null,"firstBat":false,"fours":3,"ground":"Dhaka","match":24,"matchID":389,"minutes":"66","notOut":true,"opposition":"Bangladesh","runs":57,"sixes":1,"strikeRate":114,"won":true},{"balls":22,"batPosition":"3","captained":false,"date":"30 Mar 2014","didNotBat":false,"dismissalBowlerHand":"right","dismissalType":"caught","dismissedAgainst":"spin","firstBat":true,"fours":2,"ground":"Dhaka","match":25,"matchID":393,"minutes":"23","notOut":false,"opposition":"Australia","runs":23,"sixes":1,"strikeRate":104,"won":true},{"balls":44,"batPosition":"3","captained":false,"date":"4 Apr 2014","didNotBat":false,"dismissalBowlerHand":null,"dismissalType":"not out","dismissedAgainst":null,"firstBat":false,"fours":5,"ground":"Dhaka","match":26,"matchID":399,"minutes":"67","notOut":true,"opposition":"South Africa","runs":72,"sixes":2,"strikeRate":163,"won":true},{"balls":58,"batPosition":"3","captained":false,"date":"6 Apr 2014","didNotBat":false,"dismissalBowlerHand":null,"dismissalType":"run out","dismissedAgainst":null,"firstBat":true,"fours":5,"ground":"Dhaka","match":27,"matchID":400,"minutes":"75","notOut":false,"opposition":"Sri Lanka","runs":77,"sixes":4,"strikeRate":132,"won":false},{"balls":41,"batPosition":"3","captained":false,"date":"7 Sep 2014","didNotBat":false,"dismissalBowlerHand":"right","dismissalType":"caught","dismissedAgainst":"pace","firstBat":false,"fours":9,"ground":"Birmingham","match":28,"matchID":405,"minutes":"54","notOut":false,"opposition":"England","runs":66,"sixes":1,"strikeRate":160,"won":false},{"balls":27,"batPosition":"3","captained":false,"date":"2 Oct 2015","didNotBat":false,"dismissalBowlerHand":"right","dismissalType":"caught","dismissedAgainst":"pace","firstBat":true,"fours":1,"ground":"Dharamsala","match":29,"matchID":456,"minutes":"58","notOut":false,"opposition":"South Africa","runs":43,"sixes":3,"strikeRate":159,"won":false},{"balls":1,"batPosition":"3","captained":false,"date":"5 Oct 2015","didNotBat":false,"dismissalBowlerHand":null,"dismissalType":"run out","dismissedAgainst":null,"firstBat":true,"fours":0,"ground":"Cuttack","match":30,"matchID":457,"minutes":"3","notOut":false,"opposition":"South Africa","runs":1,"sixes":0,"strikeRate":100,"won":false},{"balls":55,"batPosition":"3","captained":false,"date":"26 Jan 2016","didNotBat":false,"dismissalBowlerHand":null,"dismissalType":"not out","dismissedAgainst":null,"firstBat":true,"fours":9,"ground":"Adelaide","match":31,"matchID":485,"minutes":"71","notOut":true,"opposition":"Australia","runs":90,"sixes":2,"strikeRate":163,"won":true},{"balls":33,"batPosition":"3","captained":false,"date":"29 Jan 2016","didNotBat":false,"dismissalBowlerHand":null,"dismissalType":"not out","dismissedAgainst":null,"firstBat":true,"fours":7,"ground":"Melbourne","match":32,"matchID":486,"minutes":"44","notOut":true,"opposition":"Australia","runs":59,"sixes":1,"strikeRate":178,"won":true},{"balls":36,"batPosition":"3","captained":false,"date":"31 Jan 2016","didNotBat":false,"dismissalBowlerHand":"right","dismissalType":"bowled","dismissedAgainst":"spin","firstBat":false,"fours":2,"ground":"Sydney","match":33,"matchID":489,"minutes":"49","notOut":false,"opposition":"Australia","runs":50,"sixes":1,"strikeRate":138,"won":true},{"balls":12,"batPosition":"3","captained":false,"date":"24 Feb 2016","didNotBat":false,"dismissalBowlerHand":"right","dismissalType":"caught","dismissedAgainst":"pace","firstBat":true,"fours":1,"ground":"Dhaka","match":34,"matchID":509,"minutes":"13","notOut":false,"opposition":"Bangladesh","runs":7,"sixes":0,"strikeRate":58,"won":true},{"balls":51,"batPosition":"3","captained":false,"date":"27 Feb 2016","didNotBat":false,"dismissalBowlerHand":"right","dismissalType":"lbw","dismissedAgainst":"pace","firstBat":false,"fours":7,"ground":"Dhaka","match":35,"matchID":512,"minutes":"71","notOut":false,"opposition":"Pakistan","runs":49,"sixes":0,"strikeRate":96,"won":true},{"balls":47,"batPosition":"3","captained":false,"date":"1 Mar 2016","didNotBat":false,"dismissalBowlerHand":null,"dismissalType":"not out","dismissedAgainst":null,"firstBat":false,"fours":7,"ground":"Dhaka","match":36,"matchID":515,"minutes":"85","notOut":true,"opposition":"Sri Lanka","runs":56,"sixes":0,"strikeRate":119,"won":true},{"balls":0,"batPosition":"-","captained":false,"date":"3 Mar 2016","didNotBat":true,"dismissalBowlerHand":null,"dismissalType":"-","dismissedAgainst":null,"firstBat":false,"fours":0,"ground":"Dhaka","match":37,"matchID":517,"minutes":0,"notOut":true,"opposition":"U.A.E.","runs":0,"sixes":0,"strikeRate":0,"won":true},{"balls":28,"batPosition":"3","captained":false,"date":"6 Mar 2016","didNotBat":false,"dismissalBowlerHand":null,"dismissalType":"not out","dismissedAgainst":null,"firstBat":false,"fours":5,"ground":"Dhaka","match":38,"matchID":521,"minutes":"62","notOut":true,"opposition":"Bangladesh","runs":41,"sixes":0,"strikeRate":146,"won":true},{"balls":27,"batPosition":"3","captained":false,"date":"15 Mar 2016","didNotBat":false,"dismissalBowlerHand":"right","dismissalType":"caught","dismissedAgainst":"spin","firstBat":false,"fours":2,"ground":"Nagpur","match":39,"matchID":535,"minutes":0,"notOut":false,"opposition":"New Zealand","runs":23,"sixes":0,"strikeRate":85,"won":false},{"balls":37,"batPosition":"3","captained":false,"date":"19 Mar 2016","didNotBat":false,"dismissalBowlerHand":null,"dismissalType":"not out","dismissedAgainst":null,"firstBat":false,"fours":7,"ground":"Kolkata","match":40,"matchID":541,"minutes":"66","notOut":true,"opposition":"Pakistan","runs":55,"sixes":1,"strikeRate":148,"won":true},{"balls":24,"batPosition":"3","captained":false,"date":"23 Mar 2016","didNotBat":false,"dismissalBowlerHand":"right","dismissalType":"bowled","dismissedAgainst":"spin","firstBat":true,"fours":0,"ground":"Bengaluru","match":41,"matchID":547,"minutes":"37","notOut":false,"opposition":"Bangladesh","runs":24,"sixes":1,"strikeRate":100,"won":true},{"balls":51,"batPosition":"3","captained":false,"date":"27 Mar 2016","didNotBat":false,"dismissalBowlerHand":null,"dismissalType":"not out","dismissedAgainst":null,"firstBat":false,"fours":9,"ground":"Mohali","match":42,"matchID":553,"minutes":"78","notOut":true,"opposition":"Australia","runs":82,"sixes":2,"strikeRate":160,"won":true},{"balls":47,"batPosition":"3","captained":false,"date":"31 Mar 2016","didNotBat":false,"dismissalBowlerHand":null,"dismissalType":"not out","dismissedAgainst":null,"firstBat":true,"fours":11,"ground":"Mumbai","match":43,"matchID":556,"minutes":"63","notOut":true,"opposition":"West Indies","runs":89,"sixes":1,"strikeRate":189,"won":false},{"balls":9,"batPosition":"3","captained":false,"date":"27 Aug 2016","didNotBat":false,"dismissalBowlerHand":"right","dismissalType":"caught","dismissedAgainst":"pace","firstBat":false,"fours":3,"ground":"Lauderhill","match":44,"matchID":562,"minutes":"8","notOut":false,"opposition":"West Indies","runs":16,"sixes":0,"strikeRate":177,"won":false},{"balls":0,"batPosition":"-","captained":false,"date":"28 Aug 2016","didNotBat":true,"dismissalBowlerHand":null,"dismissalType":"-","dismissedAgainst":null,"firstBat":false,"fours":0,"ground":"Lauderhill","match":45,"matchID":563,"minutes":0,"notOut":true,"opposition":"West Indies","runs":0,"sixes":0,"strikeRate":0,"won":false},{"balls":26,"batPosition":"1","captained":true,"date":"26 Jan 2017","didNotBat":false,"dismissalBowlerHand":"right","dismissalType":"caught","dismissedAgainst":"spin","firstBat":true,"fours":4,"ground":"Kanpur","match":46,"matchID":592,"minutes":"34","notOut":false,"opposition":"England","runs":29,"sixes":0,"strikeRate":111,"won":false},{"balls":15,"batPosition":"1","captained":true,"date":"29 Jan 2017","didNotBat":false,"dismissalBowlerHand":"right","dismissalType":"caught","dismissedAgainst":"pace","firstBat":true,"fours":2,"ground":"Nagpur","match":47,"matchID":593,"minutes":"17","notOut":false,"opposition":"England","runs":21,"sixes":1,"strikeRate":140,"won":true},{"balls":4,"batPosition":"1","captained":true,"date":"1 Feb 2017","didNotBat":false,"dismissalBowlerHand":null,"dismissalType":"run out","dismissedAgainst":null,"firstBat":true,"fours":0,"ground":"Bengaluru","match":48,"matchID":594,"minutes":"6","notOut":false,"opposition":"England","runs":2,"sixes":0,"strikeRate":50,"won":true},{"balls":22,"batPosition":"1","captained":true,"date":"9 Jul 2017","didNotBat":false,"dismissalBowlerHand":"right","dismissalType":"caught","dismissedAgainst":"pace","firstBat":true,"fours":7,"ground":"Kingston","match":49,"matchID":617,"minutes":0,"notOut":false,"opposition":"West Indies","runs":39,"sixes":1,"strikeRate":177,"won":false},{"balls":54,"batPosition":"3","captained":true,"date":"6 Sep 2017","didNotBat":false,"dismissalBowlerHand":"left","dismissalType":"caught","dismissedAgainst":"pace","firstBat":false,"fours":7,"ground":"Colombo (RPS)","match":50,"matchID":618,"minutes":0,"notOut":false,"opposition":"Sri Lanka","runs":82,"sixes":1,"strikeRate":151,"won":true},{"balls":14,"batPosition":"3","captained":true,"date":"7 Oct 2017","didNotBat":false,"dismissalBowlerHand":null,"dismissalType":"not out","dismissedAgainst":null,"firstBat":false,"fours":3,"ground":"Ranchi","match":51,"matchID":623,"minutes":"19","notOut":true,"opposition":"Australia","runs":22,"sixes":0,"strikeRate":157,"won":true},{"balls":2,"batPosition":"3","captained":true,"date":"10 Oct 2017","didNotBat":false,"dismissalBowlerHand":"left","dismissalType":"caught","dismissedAgainst":"pace","firstBat":true,"fours":0,"ground":"Guwahati","match":52,"matchID":624,"minutes":"2","notOut":false,"opposition":"Australia","runs":0,"sixes":0,"strikeRate":0,"won":false},{"balls":11,"batPosition":"4","captained":true,"date":"1 Nov 2017","didNotBat":false,"dismissalBowlerHand":null,"dismissalType":"not out","dismissedAgainst":null,"firstBat":true,"fours":0,"ground":"Delhi","match":53,"matchID":630,"minutes":"19","notOut":true,"opposition":"New Zealand","runs":26,"sixes":3,"strikeRate":236,"won":true},{"balls":42,"batPosition":"4","captained":true,"date":"4 Nov 2017","didNotBat":false,"dismissalBowlerHand":"left","dismissalType":"caught","dismissedAgainst":"spin","firstBat":false,"fours":8,"ground":"Rajkot","match":54,"matchID":631,"minutes":"59","notOut":false,"opposition":"New Zealand","runs":65,"sixes":1,"strikeRate":154,"won":false},{"balls":6,"batPosition":"3","captained":true,"date":"7 Nov 2017","didNotBat":false,"dismissalBowlerHand":"right","dismissalType":"caught","dismissedAgainst":"spin","firstBat":true,"fours":1,"ground":"Thiruvananthapuram","match":55,"matchID":632,"minutes":"6","notOut":false,"opposition":"New Zealand","runs":13,"sixes":1,"strikeRate":216,"won":true},{"balls":20,"batPosition":"4","captained":true,"date":"18 Feb 2018","didNotBat":false,"dismissalBowlerHand":"left","dismissalType":"lbw","dismissedAgainst":"spin","firstBat":true,"fours":2,"ground":"Johannesburg","match":56,"matchID":652,"minutes":"26","notOut":false,"opposition":"South Africa","runs":26,"sixes":1,"strikeRate":130,"won":true},{"balls":5,"batPosition":"4","captained":true,"date":"21 Feb 2018","didNotBat":false,"dismissalBowlerHand":"right","dismissalType":"caught","dismissedAgainst":"pace","firstBat":true,"fours":0,"ground":"Centurion","match":57,"matchID":654,"minutes":"6","notOut":false,"opposition":"South Africa","runs":1,"sixes":0,"strikeRate":20,"won":false},{"balls":2,"batPosition":"6","captained":true,"date":"27 Jun 2018","didNotBat":false,"dismissalBowlerHand":"right","dismissalType":"caught","dismissedAgainst":"pace","firstBat":true,"fours":0,"ground":"Dublin (Malahide)","match":58,"matchID":678,"minutes":"1","notOut":false,"opposition":"Ireland","runs":0,"sixes":0,"strikeRate":0,"won":true},{"balls":8,"batPosition":"2","captained":true,"date":"29 Jun 2018","didNotBat":false,"dismissalBowlerHand":"right","dismissalType":"caught","dismissedAgainst":"pace","firstBat":true,"fours":1,"ground":"Dublin (Malahide)","match":59,"matchID":680,"minutes":0,"notOut":false,"opposition":"Ireland","runs":9,"sixes":0,"strikeRate":112,"won":true},{"balls":22,"batPosition":"4","captained":true,"date":"3 Jul 2018","didNotBat":false,"dismissalBowlerHand":null,"dismissalType":"not out","dismissedAgainst":null,"firstBat":false,"fours":0,"ground":"Manchester","match":60,"matchID":684,"minutes":0,"notOut":true,"opposition":"England","runs":20,"sixes":1,"strikeRate":90,"won":true},{"balls":38,"batPosition":"4","captained":true,"date":"6 Jul 2018","didNotBat":false,"dismissalBowlerHand":"left","dismissalType":"caught","dismissedAgainst":"pace","firstBat":true,"fours":1,"ground":"Cardiff","match":61,"matchID":688,"minutes":0,"notOut":false,"opposition":"England","runs":47,"sixes":2,"strikeRate":123,"won":false},{"balls":29,"batPosition":"4","captained":true,"date":"8 Jul 2018","didNotBat":false,"dismissalBowlerHand":"right","dismissalType":"caught","dismissedAgainst":"pace","firstBat":false,"fours":2,"ground":"Bristol","match":62,"matchID":690,"minutes":0,"notOut":false,"opposition":"England","runs":43,"sixes":2,"strikeRate":148,"won":true},{"balls":8,"batPosition":"4","captained":true,"date":"21 Nov 2018","didNotBat":false,"dismissalBowlerHand":"right","dismissalType":"caught","dismissedAgainst":"spin","firstBat":false,"fours":0,"ground":"Brisbane","match":63,"matchID":712,"minutes":0,"notOut":false,"opposition":"Australia","runs":4,"sixes":0,"strikeRate":50,"won":false},{"balls":0,"batPosition":"-","captained":true,"date":"23 Nov 2018","didNotBat":true,"dismissalBowlerHand":null,"dismissalType":"-","dismissedAgainst":null,"firstBat":false,"fours":0,"ground":"Melbourne","match":64,"matchID":713,"minutes":0,"notOut":true,"opposition":"Australia","runs":0,"sixes":0,"strikeRate":0,"won":false},{"balls":41,"batPosition":"3","captained":true,"date":"25 Nov 2018","didNotBat":false,"dismissalBowlerHand":null,"dismissalType":"not out","dismissedAgainst":null,"firstBat":false,"fours":4,"ground":"Sydney","match":65,"matchID":714,"minutes":0,"notOut":true,"opposition":"Australia","runs":61,"sixes":2,"strikeRate":148,"won":true},{"balls":17,"batPosition":"3","captained":true,"date":"24 Feb 2019","didNotBat":false,"dismissalBowlerHand":"right","dismissalType":"caught","dismissedAgainst":"spin","firstBat":true,"fours":3,"ground":"Visakhapatnam","match":66,"matchID":748,"minutes":"25","notOut":false,"opposition":"Australia","runs":24,"sixes":0,"strikeRate":141,"won":false},{"balls":38,"batPosition":"3","captained":true,"date":"27 Feb 2019","didNotBat":false,"dismissalBowlerHand":null,"dismissalType":"not out","dismissedAgainst":null,"firstBat":true,"fours":2,"ground":"Bengaluru","match":67,"matchID":749,"minutes":"63","notOut":true,"opposition":"Australia","runs":72,"sixes":6,"strikeRate":189,"won":false}]
