[{"balls":0,"batPosition":"-","captained":false,"date":"13 Sep 2007","didNotBat":true,"dismissalBowlerHand":null,"dismissalType":"-","dismissedAgainst":null,"firstBat":false,"fours":0,"ground":"Durban","match":1,"matchID":26,"minutes":0,"notOut":true,"opposition":"Scotland","runs":0,"sixes":0,"strikeRate":0,"won":false},{"balls":4,"batPosition":"4","captained":false,"date":"14 Sep 2007","didNotBat":false,"dismissalBowlerHand":"right","dismissalType":"caught","dismissedAgainst":"pace","firstBat":true,"fours":0,"ground":"Durban","match":2,"matchID":29,"minutes":"8","notOut":false,"opposition":"Pakistan","runs":1,"sixes":0,"strikeRate":25,"won":false},{"balls":7,"batPosition":"5","captained":false,"date":"16 Sep 2007","didNotBat":false,"dismissalBowlerHand":"right","dismissalType":"caught","dismissedAgainst":"spin","firstBat":false,"fours":0,"ground":"Johannesburg","match":3,"matchID":32,"minutes":"8","notOut":false,"opposition":"New Zealand","runs":5,"sixes":0,"strikeRate":71,"won":false},{"balls":16,"batPosition":"5","captained":false,"date":"19 Sep 2007","didNotBat":false,"dismissalBowlerHand":"right","dismissalType":"caught","dismissedAgainst":"pace","firstBat":true,"fours":3,"ground":"Durban","match":4,"matchID":40,"minutes":"14","notOut":false,"opposition":"England","runs":58,"sixes":7,"strikeRate":362,"won":true},{"balls":30,"batPosition":"4","captained":false,"date":"22 Sep 2007","didNotBat":false,"dismissalBowlerHand":"left","dismissalType":"caught","dismissedAgainst":"spin","firstBat":true,"fours":5,"ground":"Durban","match":5,"matchID":45,"minutes":"38","notOut":false,"opposition":"Australia","runs":70,"sixes":5,"strikeRate":233,"won":true},{"balls":19,"batPosition":"4","captained":false,"date":"24 Sep 2007","didNotBat":false,"dismissalBowlerHand":"right","dismissalType":"caught","dismissedAgainst":"pace","firstBat":true,"fours":1,"ground":"Johannesburg","match":6,"matchID":46,"minutes":"28","notOut":false,"opposition":"Pakistan","runs":14,"sixes":0,"strikeRate":73,"won":true},{"balls":25,"batPosition":"4","captained":false,"date":"20 Oct 2007","didNotBat":false,"dismissalBowlerHand":null,"dismissalType":"not out","dismissedAgainst":null,"firstBat":false,"fours":1,"ground":"Mumbai (BS)","match":7,"matchID":47,"minutes":"34","notOut":true,"opposition":"Australia","runs":31,"sixes":3,"strikeRate":124,"won":true},{"balls":21,"batPosition":"4","captained":false,"date":"10 Feb 2009","didNotBat":false,"dismissalBowlerHand":"right","dismissalType":"caught","dismissedAgainst":"spin","firstBat":false,"fours":3,"ground":"Colombo (RPS)","match":8,"matchID":82,"minutes":"43","notOut":false,"opposition":"Sri Lanka","runs":32,"sixes":2,"strikeRate":152,"won":true},{"balls":3,"batPosition":"5","captained":false,"date":"25 Feb 2009","didNotBat":false,"dismissalBowlerHand":"left","dismissalType":"lbw","dismissedAgainst":"spin","firstBat":true,"fours":0,"ground":"Christchurch","match":9,"matchID":84,"minutes":"4","notOut":false,"opposition":"New Zealand","runs":1,"sixes":0,"strikeRate":33,"won":false},{"balls":34,"batPosition":"4","captained":false,"date":"27 Feb 2009","didNotBat":false,"dismissalBowlerHand":"right","dismissalType":"caught","dismissedAgainst":"pace","firstBat":true,"fours":3,"ground":"Wellington","match":10,"matchID":85,"minutes":"33","notOut":false,"opposition":"New Zealand","runs":50,"sixes":4,"strikeRate":147,"won":false},{"balls":18,"batPosition":"4","captained":false,"date":"6 Jun 2009","didNotBat":false,"dismissalBowlerHand":"right","dismissalType":"caught","dismissedAgainst":"pace","firstBat":true,"fours":3,"ground":"Nottingham","match":11,"matchID":93,"minutes":"12","notOut":false,"opposition":"Bangladesh","runs":41,"sixes":4,"strikeRate":227,"won":true},{"balls":4,"batPosition":"4","captained":false,"date":"10 Jun 2009","didNotBat":false,"dismissalBowlerHand":null,"dismissalType":"not out","dismissedAgainst":null,"firstBat":false,"fours":0,"ground":"Nottingham","match":12,"matchID":101,"minutes":"7","notOut":true,"opposition":"Ireland","runs":3,"sixes":0,"strikeRate":75,"won":true},{"balls":43,"batPosition":"4","captained":false,"date":"12 Jun 2009","didNotBat":false,"dismissalBowlerHand":"right","dismissalType":"caught","dismissedAgainst":"pace","firstBat":true,"fours":6,"ground":"Lord's","match":13,"matchID":105,"minutes":"55","notOut":false,"opposition":"West Indies","runs":67,"sixes":2,"strikeRate":155,"won":false},{"balls":9,"batPosition":"5","captained":false,"date":"14 Jun 2009","didNotBat":false,"dismissalBowlerHand":"right","dismissalType":"stumped","dismissedAgainst":"spin","firstBat":false,"fours":0,"ground":"Lord's","match":14,"matchID":109,"minutes":"14","notOut":false,"opposition":"England","runs":17,"sixes":2,"strikeRate":188,"won":false},{"balls":25,"batPosition":"4","captained":false,"date":"16 Jun 2009","didNotBat":false,"dismissalBowlerHand":"right","dismissalType":"caught","dismissedAgainst":"pace","firstBat":false,"fours":1,"ground":"Nottingham","match":15,"matchID":113,"minutes":"47","notOut":false,"opposition":"South Africa","runs":25,"sixes":1,"strikeRate":100,"won":false},{"balls":8,"batPosition":"4","captained":false,"date":"9 Dec 2009","didNotBat":false,"dismissalBowlerHand":"right","dismissalType":"caught","dismissedAgainst":"pace","firstBat":false,"fours":0,"ground":"Nagpur","match":16,"matchID":126,"minutes":0,"notOut":false,"opposition":"Sri Lanka","runs":6,"sixes":0,"strikeRate":75,"won":false},{"balls":25,"batPosition":"4","captained":false,"date":"12 Dec 2009","didNotBat":false,"dismissalBowlerHand":null,"dismissalType":"not out","dismissedAgainst":null,"firstBat":false,"fours":3,"ground":"Mohali","match":17,"matchID":127,"minutes":"45","notOut":true,"opposition":"Sri Lanka","runs":60,"sixes":5,"strikeRate":240,"won":true},{"balls":22,"batPosition":"4","captained":false,"date":"1 May 2010","didNotBat":false,"dismissalBowlerHand":null,"dismissalType":"not out","dismissedAgainst":null,"firstBat":false,"fours":0,"ground":"Gros Islet","match":18,"matchID":153,"minutes":"34","notOut":true,"opposition":"Afghanistan","runs":23,"sixes":1,"strikeRate":104,"won":true},{"balls":30,"batPosition":"4","captained":false,"date":"2 May 2010","didNotBat":false,"dismissalBowlerHand":"right","dismissalType":"caught","dismissedAgainst":"pace","firstBat":true,"fours":3,"ground":"Gros Islet","match":19,"matchID":155,"minutes":"43","notOut":false,"opposition":"South Africa","runs":37,"sixes":2,"strikeRate":123,"won":true},{"balls":2,"batPosition":"5","captained":false,"date":"7 May 2010","didNotBat":false,"dismissalBowlerHand":"left","dismissalType":"bowled","dismissedAgainst":"pace","firstBat":false,"fours":0,"ground":"Bridgetown","match":20,"matchID":165,"minutes":"5","notOut":false,"opposition":"Australia","runs":1,"sixes":0,"strikeRate":50,"won":false},{"balls":14,"batPosition":"5","captained":false,"date":"9 May 2010","didNotBat":false,"dismissalBowlerHand":"left","dismissalType":"caught","dismissedAgainst":"spin","firstBat":false,"fours":1,"ground":"Bridgetown","match":21,"matchID":169,"minutes":"22","notOut":false,"opposition":"West Indies","runs":12,"sixes":0,"strikeRate":85,"won":false},{"balls":2,"batPosition":"5","captained":false,"date":"11 May 2010","didNotBat":false,"dismissalBowlerHand":"left","dismissalType":"caught","dismissedAgainst":"pace","firstBat":true,"fours":0,"ground":"Gros Islet","match":22,"matchID":173,"minutes":"2","notOut":false,"opposition":"Sri Lanka","runs":1,"sixes":0,"strikeRate":50,"won":false},{"balls":13,"batPosition":"4","captained":false,"date":"9 Jan 2011","didNotBat":false,"dismissalBowlerHand":null,"dismissalType":"run out","dismissedAgainst":null,"firstBat":true,"fours":1,"ground":"Durban","match":23,"matchID":196,"minutes":"20","notOut":false,"opposition":"South Africa","runs":12,"sixes":0,"strikeRate":92,"won":true},{"balls":26,"batPosition":"4","captained":false,"date":"11 Sep 2012","didNotBat":false,"dismissalBowlerHand":"left","dismissalType":"bowled","dismissedAgainst":"pace","firstBat":false,"fours":1,"ground":"Chennai","match":24,"matchID":261,"minutes":"49","notOut":false,"opposition":"New Zealand","runs":34,"sixes":2,"strikeRate":130,"won":false},{"balls":20,"batPosition":"4","captained":false,"date":"19 Sep 2012","didNotBat":false,"dismissalBowlerHand":"right","dismissalType":"caught","dismissedAgainst":"spin","firstBat":true,"fours":0,"ground":"Colombo (RPS)","match":25,"matchID":265,"minutes":"26","notOut":false,"opposition":"Afghanistan","runs":18,"sixes":1,"strikeRate":90,"won":true},{"balls":0,"batPosition":"-","captained":false,"date":"23 Sep 2012","didNotBat":true,"dismissalBowlerHand":null,"dismissalType":"-","dismissedAgainst":null,"firstBat":true,"fours":0,"ground":"Colombo (RPS)","match":26,"matchID":272,"minutes":0,"notOut":true,"opposition":"England","runs":0,"sixes":0,"strikeRate":0,"won":true},{"balls":10,"batPosition":"4","captained":false,"date":"28 Sep 2012","didNotBat":false,"dismissalBowlerHand":"right","dismissalType":"caught","dismissedAgainst":"pace","firstBat":true,"fours":1,"ground":"Colombo (RPS)","match":27,"matchID":278,"minutes":"11","notOut":false,"opposition":"Australia","runs":8,"sixes":0,"strikeRate":80,"won":false},{"balls":16,"batPosition":"4","captained":false,"date":"30 Sep 2012","didNotBat":false,"dismissalBowlerHand":null,"dismissalType":"not out","dismissedAgainst":null,"firstBat":false,"fours":2,"ground":"Colombo (RPS)","match":28,"matchID":282,"minutes":"24","notOut":true,"opposition":"Pakistan","runs":19,"sixes":0,"strikeRate":118,"won":true},{"balls":15,"batPosition":"5","captained":false,"date":"2 Oct 2012","didNotBat":false,"dismissalBowlerHand":"right","dismissalType":"bowled","dismissedAgainst":"pace","firstBat":true,"fours":1,"ground":"Colombo (RPS)","match":29,"matchID":286,"minutes":"18","notOut":false,"opposition":"South Africa","runs":21,"sixes":2,"strikeRate":140,"won":true},{"balls":21,"batPosition":"4","captained":false,"date":"20 Dec 2012","didNotBat":false,"dismissalBowlerHand":"right","dismissalType":"caught","dismissedAgainst":"pace","firstBat":false,"fours":2,"ground":"Pune","match":30,"matchID":292,"minutes":"21","notOut":false,"opposition":"England","runs":38,"sixes":3,"strikeRate":180,"won":true},{"balls":5,"batPosition":"4","captained":false,"date":"22 Dec 2012","didNotBat":false,"dismissalBowlerHand":"right","dismissalType":"caught","dismissedAgainst":"pace","firstBat":true,"fours":0,"ground":"Mumbai","match":31,"matchID":294,"minutes":"6","notOut":false,"opposition":"England","runs":4,"sixes":0,"strikeRate":80,"won":false},{"balls":9,"batPosition":"4","captained":false,"date":"25 Dec 2012","didNotBat":false,"dismissalBowlerHand":"right","dismissalType":"caught","dismissedAgainst":"pace","firstBat":true,"fours":0,"ground":"Bengaluru","match":32,"matchID":296,"minutes":"21","notOut":false,"opposition":"Pakistan","runs":10,"sixes":1,"strikeRate":111,"won":false},{"balls":36,"batPosition":"4","captained":false,"date":"28 Dec 2012","didNotBat":false,"dismissalBowlerHand":"right","dismissalType":"caught","dismissedAgainst":"pace","firstBat":true,"fours":4,"ground":"Ahmedabad","match":33,"matchID":298,"minutes":"59","notOut":false,"opposition":"Pakistan","runs":72,"sixes":7,"strikeRate":200,"won":true},{"balls":35,"batPosition":"5","captained":false,"date":"10 Oct 2013","didNotBat":false,"dismissalBowlerHand":null,"dismissalType":"not out","dismissedAgainst":null,"firstBat":false,"fours":8,"ground":"Rajkot","match":34,"matchID":331,"minutes":"57","notOut":true,"opposition":"Australia","runs":77,"sixes":5,"strikeRate":220,"won":true},{"balls":2,"batPosition":"4","captained":false,"date":"21 Mar 2014","didNotBat":false,"dismissalBowlerHand":"right","dismissalType":"bowled","dismissedAgainst":"pace","firstBat":false,"fours":0,"ground":"Dhaka","match":35,"matchID":378,"minutes":"3","notOut":false,"opposition":"Pakistan","runs":1,"sixes":0,"strikeRate":50,"won":true},{"balls":19,"batPosition":"4","captained":false,"date":"23 Mar 2014","didNotBat":false,"dismissalBowlerHand":"right","dismissalType":"caught","dismissedAgainst":"spin","firstBat":false,"fours":1,"ground":"Dhaka","match":36,"matchID":382,"minutes":"19","notOut":false,"opposition":"West Indies","runs":10,"sixes":0,"strikeRate":52,"won":true},{"balls":0,"batPosition":"-","captained":false,"date":"28 Mar 2014","didNotBat":true,"dismissalBowlerHand":null,"dismissalType":"-","dismissedAgainst":null,"firstBat":false,"fours":0,"ground":"Dhaka","match":37,"matchID":389,"minutes":0,"notOut":true,"opposition":"Bangladesh","runs":0,"sixes":0,"strikeRate":0,"won":true},{"balls":43,"batPosition":"4","captained":false,"date":"30 Mar 2014","didNotBat":false,"dismissalBowlerHand":"right","dismissalType":"caught","dismissedAgainst":"pace","firstBat":true,"fours":5,"ground":"Dhaka","match":38,"matchID":393,"minutes":"61","notOut":false,"opposition":"Australia","runs":60,"sixes":4,"strikeRate":139,"won":true},{"balls":17,"batPosition":"4","captained":false,"date":"4 Apr 2014","didNotBat":false,"dismissalBowlerHand":"right","dismissalType":"caught","dismissedAgainst":"spin","firstBat":false,"fours":2,"ground":"Dhaka","match":39,"matchID":399,"minutes":"24","notOut":false,"opposition":"South Africa","runs":18,"sixes":0,"strikeRate":105,"won":true},{"balls":21,"batPosition":"4","captained":false,"date":"6 Apr 2014","didNotBat":false,"dismissalBowlerHand":"right","dismissalType":"caught","dismissedAgainst":"pace","firstBat":true,"fours":0,"ground":"Dhaka","match":40,"matchID":400,"minutes":"30","notOut":false,"opposition":"Sri Lanka","runs":11,"sixes":0,"strikeRate":52,"won":false},{"balls":0,"batPosition":"-","captained":false,"date":"26 Jan 2016","didNotBat":true,"dismissalBowlerHand":null,"dismissalType":"-","dismissedAgainst":null,"firstBat":true,"fours":0,"ground":"Adelaide","match":41,"matchID":485,"minutes":0,"notOut":true,"opposition":"Australia","runs":0,"sixes":0,"strikeRate":0,"won":true},{"balls":0,"batPosition":"-","captained":false,"date":"29 Jan 2016","didNotBat":true,"dismissalBowlerHand":null,"dismissalType":"-","dismissedAgainst":null,"firstBat":true,"fours":0,"ground":"Melbourne","match":42,"matchID":486,"minutes":0,"notOut":true,"opposition":"Australia","runs":0,"sixes":0,"strikeRate":0,"won":true},{"balls":12,"batPosition":"5","captained":false,"date":"31 Jan 2016","didNotBat":false,"dismissalBowlerHand":null,"dismissalType":"not out","dismissedAgainst":null,"firstBat":false,"fours":1,"ground":"Sydney","match":43,"matchID":489,"minutes":"28","notOut":true,"opposition":"Australia","runs":15,"sixes":1,"strikeRate":125,"won":true},{"balls":14,"batPosition":"5","captained":false,"date":"9 Feb 2016","didNotBat":false,"dismissalBowlerHand":"right","dismissalType":"caught","dismissedAgainst":"pace","firstBat":true,"fours":0,"ground":"Pune","match":44,"matchID":496,"minutes":"22","notOut":false,"opposition":"Sri Lanka","runs":10,"sixes":1,"strikeRate":71,"won":false},{"balls":1,"batPosition":"7","captained":false,"date":"12 Feb 2016","didNotBat":false,"dismissalBowlerHand":"right","dismissalType":"caught","dismissedAgainst":"pace","firstBat":true,"fours":0,"ground":"Ranchi","match":45,"matchID":497,"minutes":0,"notOut":false,"opposition":"Sri Lanka","runs":0,"sixes":0,"strikeRate":0,"won":true},{"balls":0,"batPosition":"-","captained":false,"date":"14 Feb 2016","didNotBat":true,"dismissalBowlerHand":null,"dismissalType":"-","dismissedAgainst":null,"firstBat":false,"fours":0,"ground":"Visakhapatnam","match":46,"matchID":499,"minutes":0,"notOut":true,"opposition":"Sri Lanka","runs":0,"sixes":0,"strikeRate":0,"won":true},{"balls":16,"batPosition":"5","captained":false,"date":"24 Feb 2016","didNotBat":false,"dismissalBowlerHand":"left","dismissalType":"caught","dismissedAgainst":"spin","firstBat":true,"fours":1,"ground":"Dhaka","match":47,"matchID":509,"minutes":"29","notOut":false,"opposition":"Bangladesh","runs":15,"sixes":0,"strikeRate":93,"won":true},{"balls":32,"batPosition":"5","captained":false,"date":"27 Feb 2016","didNotBat":false,"dismissalBowlerHand":null,"dismissalType":"not out","dismissedAgainst":null,"firstBat":false,"fours":2,"ground":"Dhaka","match":48,"matchID":512,"minutes":"66","notOut":true,"opposition":"Pakistan","runs":14,"sixes":0,"strikeRate":43,"won":true},{"balls":18,"batPosition":"5","captained":false,"date":"1 Mar 2016","didNotBat":false,"dismissalBowlerHand":"right","dismissalType":"caught","dismissedAgainst":"pace","firstBat":false,"fours":3,"ground":"Dhaka","match":49,"matchID":515,"minutes":"30","notOut":false,"opposition":"Sri Lanka","runs":35,"sixes":3,"strikeRate":194,"won":true},{"balls":14,"batPosition":"3","captained":false,"date":"3 Mar 2016","didNotBat":false,"dismissalBowlerHand":null,"dismissalType":"not out","dismissedAgainst":null,"firstBat":false,"fours":4,"ground":"Dhaka","match":50,"matchID":517,"minutes":"19","notOut":true,"opposition":"U.A.E.","runs":25,"sixes":1,"strikeRate":178,"won":true},{"balls":0,"batPosition":"-","captained":false,"date":"6 Mar 2016","didNotBat":true,"dismissalBowlerHand":null,"dismissalType":"-","dismissedAgainst":null,"firstBat":false,"fours":0,"ground":"Dhaka","match":51,"matchID":521,"minutes":0,"notOut":true,"opposition":"Bangladesh","runs":0,"sixes":0,"strikeRate":0,"won":true},{"balls":5,"batPosition":"5","captained":false,"date":"15 Mar 2016","didNotBat":false,"dismissalBowlerHand":"right","dismissalType":"caught","dismissedAgainst":"spin","firstBat":false,"fours":1,"ground":"Nagpur","match":52,"matchID":535,"minutes":0,"notOut":false,"opposition":"New Zealand","runs":4,"sixes":0,"strikeRate":80,"won":false},{"balls":23,"batPosition":"5","captained":false,"date":"19 Mar 2016","didNotBat":false,"dismissalBowlerHand":"left","dismissalType":"caught","dismissedAgainst":"pace","firstBat":false,"fours":1,"ground":"Kolkata","match":53,"matchID":541,"minutes":"35","notOut":false,"opposition":"Pakistan","runs":24,"sixes":1,"strikeRate":104,"won":true},{"balls":6,"batPosition":"7","captained":false,"date":"23 Mar 2016","didNotBat":false,"dismissalBowlerHand":"right","dismissalType":"caught","dismissedAgainst":"spin","firstBat":true,"fours":0,"ground":"Bengaluru","match":54,"matchID":547,"minutes":"8","notOut":false,"opposition":"Bangladesh","runs":3,"sixes":0,"strikeRate":50,"won":true},{"balls":18,"batPosition":"5","captained":false,"date":"27 Mar 2016","didNotBat":false,"dismissalBowlerHand":"left","dismissalType":"caught","dismissedAgainst":"pace","firstBat":false,"fours":1,"ground":"Mohali","match":55,"matchID":553,"minutes":"31","notOut":false,"opposition":"Australia","runs":21,"sixes":1,"strikeRate":116,"won":true},{"balls":13,"batPosition":"4","captained":false,"date":"26 Jan 2017","didNotBat":false,"dismissalBowlerHand":"right","dismissalType":"caught","dismissedAgainst":"pace","firstBat":true,"fours":1,"ground":"Kanpur","match":56,"matchID":592,"minutes":"13","notOut":false,"opposition":"England","runs":12,"sixes":0,"strikeRate":92,"won":false},{"balls":12,"batPosition":"4","captained":false,"date":"29 Jan 2017","didNotBat":false,"dismissalBowlerHand":"right","dismissalType":"lbw","dismissedAgainst":"spin","firstBat":true,"fours":0,"ground":"Nagpur","match":57,"matchID":593,"minutes":"9","notOut":false,"opposition":"England","runs":4,"sixes":0,"strikeRate":33,"won":true},{"balls":10,"batPosition":"5","captained":false,"date":"1 Feb 2017","didNotBat":false,"dismissalBowlerHand":"left","dismissalType":"caught","dismissedAgainst":"pace","firstBat":true,"fours":1,"ground":"Bengaluru","match":58,"matchID":594,"minutes":"23","notOut":false,"opposition":"England","runs":27,"sixes":3,"strikeRate":270,"won":true}]
